no	tranche	strain	grade	class	nominal_pct	tolerance_pct	range_low	range_high	thc_exact	cultiv_batch_src	pp_batch	spec_code	product_type	harvest	packaging
1	T2	Cap Junky	Grade I	THC 28 / CBD 1	28.00	2.80	25.20	30.79	28.34	CJ082501/1	P060022	QCSP_001_CJ-I_v.01	CJ_THC28:CBD1	2025-12-09	2026-01-16
2	T2	Grape Pie	Grade I	THC 28 / CBD 1	28.00	2.80	25.20	30.79	28.30	GP0824_03	P050072	QCSP_001_GP-I_v.01	GP_THC28:CBD1	2025-06-09	2025-07-14
3	T1	Blue Gelato	Grade I	THC 26 / CBD 1	26.00	2.60	23.40	28.59	26.14	BG1024	BG1024	QCSP_001_BG-I_v.01	BG_THC26:CBD1	2025-01-21	2025-03-07
4	T2	Cap Junky	Grade II	THC 26 / CBD 1	26.00	2.60	23.40	28.59	25.65	CJ092501	P060072	QCSP_001_CJ-II_v.01	CJ_THC26:CBD1	2025-12-12	2026-02-02
5	T2	Grape Pie	Grade II	THC 26 / CBD 1	26.00	2.60	23.40	28.59	25.24	GP092501	P060092	QCSP_001_GP-II_v.01	GP_THC26:CBD1	2025-12-16	2026-02-03
6	T2	Grape Pie	Grade II	THC 26 / CBD 1	26.00	2.60	23.40	28.59	25.13	GP082501/1	P050312	QCSP_001_GP-II_v.01	GP_THC26:CBD1	2025-11-19	2025-12-23
7	T1	Blue Sunset Sherbet	Grade I	THC 24 / CBD 1	24.00	2.40	21.60	26.39	25.01	BSS1024	BSS1024	QCSP_001_BSS-I_v.01	BSS_THC24:CBD1	2025-01-22	2025-03-04
8	T2	Cap Junky	Grade III	THC 24 / CBD 1	24.00	2.40	21.60	26.39	24.80	CJ062501/1	P050222	QCSP_001_CJ-III_v.01	CJ_THC24:CBD1	2025-09-23	2025-11-24
9	T1	Cap Junky	Grade III	THC 24 / CBD 1	24.00	2.40	21.60	26.39	24.05	CJ052501/01	P050162	QCSP_001_CJ-III_v.01	CJ_THC24:CBD1	2025-08-20	2025-09-30
10	T2	Wedding Crusher	Grade I	THC 24 / CBD 1	24.00	2.40	21.60	26.39	23.48	WC082501	P060012	QCSP_001_WC-I_v.01	WC_THC24:CBD1	2025-12-09	2026-01-13
11	T1	Grape Pie	Grade III	THC 24 / CBD 1	24.00	2.40	21.60	26.39	22.61	GP0824_02	P050022	QCSP_001_GP-III_v.01	GP_THC24:CBD1	2025-04-22	2025-06-03
12	T1	High Pro Amnesia	Grade I	THC 22 / CBD 1	22.00	2.20	19.80	24.19	21.61	HPA1024_01	P050052	QCSP_001_HPA-I_v.01	HPA_THC22:CBD1	2025-05-27	2025-06-27
13	T2	Jelly Donuts	Grade I	THC 22 / CBD 1	22.00	2.20	19.80	24.19	21.01	JD012603/01	P060362	QCSP_001_JD-I_v.01	JD_THC22:CBD1	2026-04-22	2026-05-23
14	T1	Orange Punch Mimosa	Grade I	THC 22 / CBD 1	22.00	2.20	19.80	24.19	20.03	OPM1024	OPM1024	QCSP_001_OPM-I_v.01	OPM_THC22:CBD1	2025-01-21	2025-04-24
15	T2	Blue Sunset Sherbet	Grade II	THC 20 / CBD 1	20.00	2.00	18.00	21.99	20.52	BSS052501	P050192	QCSP_001_BSS-II_v.01	BSS_THC20:CBD1	2025-09-01	2025-10-10
16	T1	Jelly Donuts	Grade II	THC 20 / CBD 1	20.00	2.00	18.00	21.99	20.32	JD112501	P060212	QCSP_001_JD-II_v.01	JD_THC20:CBD1	2026-03-25	2026-04-21
17	T2	Scrambler	Grade I	THC 20 / CBD 1	20.00	2.00	18.00	21.99	19.73	SCR112501	P060282	QCSP_001_SCR-I_v.01	SCR_THC20:CBD1	2026-03-25	2026-05-18
18	T2	High Pro Amnesia	Grade II	THC 20 / CBD 1	20.00	2.00	18.00	21.99	19.69	HPA052501	P050182	QCSP_001_HPA-II_v.01	HPA_THC20:CBD1	2025-08-21	2025-10-03
19	T2	Orange Punch Mimosa	Grade II	THC 20 / CBD 1	20.00	2.00	18.00	21.99	19.30	OPM1024_03	P050082	QCSP_001_OPM-II_v.01	OPM_THC20:CBD1	2025-07-01	2025-07-22
20	T1	Cap Junky	Grade IV	THC 20 / CBD 1	20.00	2.00	18.00	21.99	18.29	CJ082501/2	P060032	QCSP_001_CJ-IV_v.01	CJ_THC20:CBD1	2025-12-10	2026-01-29
21	T2	Orange Punch Mimosa	Grade III	THC 18 / CBD 1	18.00	1.80	16.20	19.79	18.99	OMP1024_01	P050042	QCSP_001_OPM-III_v.01	OPM_THC18:CBD1	2025-03-26	2025-06-20
22	T1	Fat Bastard	Grade I	THC 18 / CBD 1	18.00	1.80	16.20	19.79	18.86	FB012602	P060352	QCSP_001_FB-I_v.01	FB_THC18:CBD1	2026-04-16	2026-05-23
23	T1	Gorilla Glue	Grade I	THC 18 / CBD 1	18.00	1.80	16.20	19.79	18.67	GG1024_01	P050092	QCSP_001_GG-I_v.01	GG_THC18:CBD1	2025-03-17	2025-07-31
24	T1	Grape Pie	Grade IV	THC 18 / CBD 1	18.00	1.80	16.20	19.79	18.52	GP052501	P050152	QCSP_001_GP-IV_v.01	GP_THC18:CBD1		2025-09-25
25	T2	Grape Pie	Grade IV	THC 18 / CBD 1	18.00	1.80	16.20	19.79	18.29	GP072501/2	P050302	QCSP_001_GP-IV_v.01	GP_THC18:CBD1	2025-11-13	2025-12-22
26	T1	Orange Punch Mimosa	Grade III	THC 18 / CBD 1	18.00	1.80	16.20	19.79	18.04	OPM1024_02	P050062	QCSP_001_OPM-III_v.01	OPM_THC18:CBD1	2025-05-29	2025-07-04
27	T2	Fat Bastard	Grade I	THC 18 / CBD 1	18.00	1.80	16.20	19.79	17.99	FB012601/1	P060322	QCSP_001_FB-I_v.01	FB_THC18:CBD1	2026-03-27	2026-05-22
28	T2	Motor Breath	Grade I	THC 18 / CBD 1	18.00	1.80	16.20	19.79	17.93	MB0824_05	P050112	QCSP_001_MB-I_v.01	MB_THC18:CBD1	2025-07-08	2025-08-25
29	T1	Scrambler	Grade II	THC 18 / CBD 1	18.00	1.80	16.20	19.79	17.84	SCR012603	P060382	QCSP_001_SCR-II_v.01	SCR_THC18:CBD1	2026-04-22	2026-05-25
30	T1	Jokerz 31	Grade I	THC 18 / CBD 1	18.00	1.80	16.20	19.79	17.32	J31102501	P060152	QCSP_001_J31-I_v.01	J31_THC18:CBD1	2026-01-21	2026-03-05
31	T1	High Pro Amnesia	Grade III	THC 18 / CBD 1	18.00	1.80	16.20	19.79	17.31	HPA1024	HPA1024	QCSP_001_HPA-III_v.01	HPA_THC18:CBD1	2025-01-22	2025-04-11
32	T2	Jelly Donuts	Grade III	THC 16 / CBD 1	16.00	1.60	14.40	17.59	17.09	JD012603/02V	P060422	QCSP_001_JD-III_v.01	JD_THC16:CBD1	2026-04-29	2026-05-23
33	T2	Kush Crasher	Grade I	THC 16 / CBD 1	16.00	1.60	14.40	17.59	17.06	KC102501	P060172	QCSP_001_KC-I_v.01	KC_THC16:CBD1	2026-01-20	2026-03-12
34	T1	Gorilla Glue	Grade II	THC 16 / CBD 1	16.00	1.60	14.40	17.59	16.70	GG012603	P060402	QCSP_001_GG-II_v.01	GG_THC16:CBD1	2026-05-04	2026-05-24
35	T1	Grape Pie	Grade V	THC 16 / CBD 1	16.00	1.60	14.40	17.59	15.70	GP082501/2	P050322	QCSP_001_GP-V_v.01	GP_THC16:CBD1	2025-11-20	2025-12-26
36	T2	Gorilla Glue	Grade II	THC 16 / CBD 1	16.00	1.60	14.40	17.59	15.51	GG1024	GG1024	QCSP_001_GG-II_v.01	GG_THC16:CBD1	2025-01-20	2025-03-11
37	T2	Cash Cow	Grade I	THC 14 / CBD 1	14.00	1.40	12.60	15.39	14.76	CC012603	P060372	QCSP_001_CC-I_v.01	CC_THC14:CBD1	2026-04-22	2026-05-24
38	T2	Jelly Donuts	Grade IV	THC 14 / CBD 1	14.00	1.40	12.60	15.39	14.43	JD012603/02	P060412	QCSP_001_JD-IV_v.01	JD_THC14:CBD1	2026-05-04	2026-05-24
39	T2	Pure Michigen	Grade I	THC 14 / CBD 1	14.00	1.40	12.60	15.39	13.95	PUM102501	P060112	QCSP_001_PUM-I_v.01	PUM_THC14:CBD1	2026-01-08	2026-02-17
40	T1	Permanent Marker	Grade I	THC 12 / CBD 1	12.00	1.20	10.80	13.19	12.25	PM092501	P060062	QCSP_001_PM-I_v.01	PM_THC12:CBD1	2025-12-11	2026-01-30
41	T2	Amnesia Core Cut	Grade I	THC 12 / CBD 1	12.00	1.20	10.80	13.19	12.09	ACC102501	P060122	QCSP_001_ACC-I_v.01	ACC_THC12:CBD1	2026-01-09	2026-02-18
42	T2	Permanent Marker	Grade II	THC 10 / CBD 1	10.00	1.00	9.00	10.99	10.79	PM112501	P060232	QCSP_001_PM-II_v.01	PM_THC10:CBD1	2026-02-05	2026-04-27
43	T2	Sleepy Joe	Grade I	THC 10 / CBD 1	10.00	1.00	9.00	10.99	10.39	SJ092501	P060082	QCSP_001_SJ-I_v.01	SJ_THC10:CBD1	2025-12-11	2026-02-02
44	T2	Orange Punch Mimosa	Grade IV	THC 10 / CBD 1	10.00	1.00	9.00	10.99	10.18	OPM092501	P060042	QCSP_001_OPM-IV_v.01	OPM_THC10:CBD1	2025-12-12	2026-01-29
45	T2	Grapes and Cream	Grade I	THC 10 / CBD 1	10.00	1.00	9.00	10.99	9.80	GRC102501/2	P060182	QCSP_001_GRC-I_v.01	GRC_THC10:CBD1	2026-01-20	2026-03-14
46	T2	Chem Flyer	Grade I	THC 10 / CBD 1	10.00	1.00	9.00	10.99	9.55	CF102501	P060132	QCSP_001_CF-I_v.01	CF_THC10:CBD1	2026-01-09	2026-02-19
47	T2	Clemosa A Bud	Grade I	THC 8 / CBD 1	8.00	0.80	7.20	8.79	8.65	CLE072501	P050282	QCSP_001_CLE-I_v.01	CLE_THC8:CBD1	2025-10-28	2025-12-03
48	T1	Orange Punch Mimosa	Grade V	THC 8 / CBD 1	8.00	0.80	7.20	8.79	7.91	OPM122501	P060242	QCSP_001_OPM-V_v.01	OPM_THC8:CBD1	2026-03-11	2026-04-28
