no,batch,p_number,certs,cannabinoids,loss_on_drying,microbiology,heavy_metals,pesticides,mycotoxins,identA_macro,identB_micro,identC_tlc,appearance,foreign_matter,farmahem_197,needs_CoQ,needs_CoQ_reissue,needs_iCoA
1,BG1024,Blue Gelato,5,Y,Y,Y,Y,Y,Y,N,N,N,N,N,Y,Y,Y,Y
2,BSS1024,Blue Sunset Sherbet,5,Y,Y,Y,Y,Y,Y,N,N,N,N,N,Y,Y,Y,Y
3,CJ1024,Cup Junky,3,Y,Y,Y,Y,Y,N,N,N,N,N,N,N,Y,N,Y
4,GG1024_01,P050092,5,Y,Y,Y,Y,Y,Y,N,N,N,N,N,Y,Y,Y,Y
5,GP0824_01,P050102,3,Y,Y,Y,Y,Y,N,N,N,N,N,N,N,Y,N,Y
6,MB0824_04,P050032,3,Y,Y,Y,Y,Y,N,N,N,N,N,N,N,Y,N,Y
7,OPM1024_01,P050042,3,Y,Y,N,Y,Y,N,N,N,N,N,N,N,Y,N,Y
8,GG1024_02,P050012,3,Y,Y,Y,Y,Y,N,N,N,N,N,N,N,Y,N,Y
9,HPA1024_01,P050052,5,Y,Y,Y,Y,Y,Y,N,N,N,N,N,Y,Y,Y,Y
10,OPM1024_02,P050062,5,Y,Y,Y,Y,Y,Y,N,N,N,N,N,Y,Y,Y,Y
11,GP0824_02,P050022,8,Y,Y,Y,Y,Y,Y,N,N,N,N,N,Y,Y,Y,Y
12,GP0824_03,P050072,6,Y,Y,Y,Y,Y,N,N,N,N,N,N,N,Y,N,Y
13,BSS1024_01,P050122,3,Y,Y,Y,Y,Y,N,N,N,N,N,N,N,Y,N,Y
14,OPM1024_03,P050082,3,Y,Y,Y,Y,Y,N,N,N,N,N,N,N,Y,N,Y
15,MB0824_05,P050112,3,Y,Y,Y,Y,Y,N,N,N,N,N,N,N,Y,N,Y
16,OPM052501,P050132,3,Y,Y,Y,Y,Y,N,N,N,N,N,N,N,Y,N,Y
17,CJ052501-1,P050162,5,Y,Y,Y,Y,Y,Y,N,N,N,N,N,Y,Y,Y,Y
18,CJ052501-2,P050172,3,Y,Y,Y,Y,Y,N,N,N,N,N,N,N,Y,N,Y
19,GP052501,P050152,5,Y,Y,Y,Y,Y,Y,N,N,N,N,N,Y,Y,Y,Y
20,HPA052501,P050182,3,Y,Y,Y,Y,Y,N,N,N,N,N,N,N,Y,N,Y
21,GP062501,P050202,9,Y,Y,Y,Y,Y,N,N,N,N,N,N,N,Y,N,Y
22,CJ062501-2,P050212,6,Y,Y,Y,Y,Y,Y,N,N,N,N,N,Y,Y,Y,Y
23,CJ062501-1,P050222,3,Y,Y,Y,Y,Y,N,N,N,N,N,N,N,Y,N,Y
24,BSS052501,P050192,6,N,N,Y,Y,Y,Y,N,N,N,N,N,N,Y,N,Y
25,CJ072501,P050252,3,Y,Y,Y,Y,Y,N,N,N,N,N,N,N,Y,N,Y
26,WC072501,P050262,3,Y,Y,Y,Y,Y,N,N,N,N,N,N,N,Y,N,Y
27,PM072501,P050272,4,Y,Y,Y,Y,Y,N,N,N,N,N,N,N,Y,N,Y
28,CLE072501,P050282,4,Y,Y,Y,Y,Y,N,N,N,N,N,N,N,Y,N,Y
29,GP072501-1,P050292,2,N,N,N,Y,Y,N,N,N,N,N,N,N,Y,N,Y
30,GP072501-2,P050302,2,N,N,N,Y,Y,N,N,N,N,N,N,N,Y,N,Y
31,GP082501-1,P050312,2,N,N,N,Y,Y,N,N,N,N,N,N,N,Y,N,Y
32,GP082501-2,P050322,4,Y,N,N,Y,Y,Y,N,N,N,N,N,Y,Y,Y,Y
33,WC082501,P060012,4,Y,Y,Y,Y,Y,N,N,N,N,N,N,N,Y,N,Y
34,CJ082501-1,P060022,4,Y,Y,Y,Y,Y,N,N,N,N,N,N,N,Y,N,Y
35,CJ082501-2,P060032,6,Y,Y,Y,Y,Y,Y,N,N,N,N,N,Y,Y,Y,Y
36,OPM092501,P060042,4,Y,Y,Y,Y,Y,N,N,N,N,N,N,N,Y,N,Y
37,AB092501,P060052,5,Y,Y,Y,Y,Y,N,N,N,N,N,N,N,Y,N,Y
38,PM092501,P060062,6,Y,Y,Y,Y,Y,Y,N,N,N,N,N,Y,Y,Y,Y
39,CJ092501,P060072,4,Y,Y,Y,Y,Y,N,N,N,N,N,N,N,Y,N,Y
40,SJ092501,P060082,4,Y,Y,Y,Y,Y,N,N,N,N,N,N,N,Y,N,Y
41,GP092501,P060092,2,Y,Y,N,Y,Y,N,N,N,N,N,N,N,Y,N,Y
42,GRC102501-2,Graps & Creme,2,Y,N,N,Y,N,N,N,N,N,N,N,N,Y,N,Y
43,J31102501,Jokerz 31,2,Y,N,N,Y,N,N,N,N,N,N,N,N,Y,N,Y
44,J31112501,Jokerz 31,4,Y,N,N,Y,N,N,N,N,N,N,N,N,Y,N,Y
45,KC102501,Kush Crasher,2,Y,N,N,Y,N,N,N,N,N,N,N,N,Y,N,Y
46,SJ102501,Sleepy Joy,2,Y,N,N,Y,N,N,N,N,N,N,N,N,Y,N,Y
47,SJ112501,Sleepy Joy,2,Y,N,N,Y,N,N,N,N,N,N,N,N,Y,N,Y
48,OPM112501,Orange Punch Mimosa,1,Y,Y,N,N,N,N,N,N,N,N,N,N,Y,N,Y
49,PM112501,Permanent Market,1,Y,Y,N,N,N,N,N,N,N,N,N,N,Y,N,Y
50,J31122501,Jokerz 31,8,Y,N,Y,Y,Y,N,N,N,N,N,N,N,Y,N,Y
51,OPM122501,Orange Punch Mimosa,4,Y,N,Y,Y,Y,N,N,N,N,N,N,N,Y,N,Y
52,CC112501,Cash Cow,1,Y,Y,N,N,N,N,N,N,N,N,N,N,Y,N,Y
53,FB012601,Fat Bastard,1,Y,Y,N,N,N,N,N,N,N,N,N,N,Y,N,Y
54,FB112501,Fat Bastard,1,Y,Y,N,N,N,N,N,N,N,N,N,N,Y,N,Y
55,GG012601,Gorilla Glue,1,Y,Y,N,N,N,N,N,N,N,N,N,N,Y,N,Y
56,GG112501,Gorilla Glue,1,Y,Y,N,N,N,N,N,N,N,N,N,N,Y,N,Y
57,JD012601,Jelly Donutz,1,Y,Y,N,N,N,N,N,N,N,N,N,N,Y,N,Y
58,JD112501,Jelly Donutz,2,Y,Y,N,N,N,N,N,N,N,N,N,N,Y,N,Y
59,SCR112501,Scrambler,1,Y,Y,N,N,N,N,N,N,N,N,N,N,Y,N,Y
60,FB012603,Fat Bastard,1,Y,Y,N,N,N,N,N,N,N,N,N,N,Y,N,Y
61,FB012603V,FatBastard,1,Y,Y,N,N,N,N,N,N,N,N,N,N,Y,N,Y
62,GG012603,GorillaGlue,1,Y,Y,N,N,N,N,N,N,N,N,N,N,Y,N,Y
63,JD012603-02,JellyDonutz,1,Y,Y,N,N,N,N,N,N,N,N,N,N,Y,N,Y
64,JD012603-02V,JellyDonutz,1,Y,Y,N,N,N,N,N,N,N,N,N,N,Y,N,Y
65,JD022601,JellyDonutz,1,Y,Y,N,N,N,N,N,N,N,N,N,N,Y,N,Y
66,P160012,P160012,1,Y,Y,N,N,N,N,N,N,N,N,N,N,Y,N,Y
67,P160022,P160022,1,Y,Y,N,N,N,N,N,N,N,N,N,N,Y,N,Y
68,P160032,P160032,1,Y,Y,N,N,N,N,N,N,N,N,N,N,Y,N,Y
69,SCR022601,Scrambler,1,Y,Y,N,N,N,N,N,N,N,N,N,N,Y,N,Y
70,FB032601,FatBastard,1,Y,Y,N,N,N,N,N,N,N,N,N,N,Y,N,Y
71,GG032601,GorillaGlue,1,Y,Y,N,N,N,N,N,N,N,N,N,N,Y,N,Y
72,P060152,P060152,2,Y,N,N,N,N,Y,N,N,N,N,N,Y,Y,Y,Y
73,P060212,P060212,2,Y,N,N,N,N,Y,N,N,N,N,N,Y,Y,Y,Y
74,P060242,P060242,2,Y,N,N,N,N,Y,N,N,N,N,N,Y,Y,Y,Y
75,P060332,P060332,2,Y,N,N,N,N,Y,N,N,N,N,N,Y,Y,Y,Y
76,P060352,P060352,2,Y,N,N,N,N,Y,N,N,N,N,N,Y,Y,Y,Y
77,P060382,P060382,2,Y,N,N,N,N,Y,N,N,N,N,N,Y,Y,Y,Y
78,P060402,P060402,2,Y,N,N,N,N,Y,N,N,N,N,N,Y,Y,Y,Y
79,HPA1024,HighProAmnesia,3,Y,N,N,N,N,Y,in-house,in-house,in-house,in-house,in-house,Y,Y,Y,N
80,OPM1024,OrangePunchMimosa,3,Y,N,N,N,N,Y,in-house,in-house,in-house,in-house,in-house,Y,Y,Y,N
