Tranche	Batch	P lot	Strain	Determination	State	Document to cite	Issued	Laboratory	Where the document is	Blocked: document not issued	What the document prints	Other documents on file that also carry it
1	BG1024	—	Blue Gelato	1 Identification A — appearance	CITED	iCoA-PP_26-003	07.03.2025	PP	planned, NOT ISSUED (2026-05-15)	YES — the certificate has not been issued	Conforms	
1	BG1024	—	Blue Gelato	2 Identification B — microscopy	CITED	iCoA-PP_26-003	07.03.2025	PP	planned, NOT ISSUED (2026-05-15)	YES — the certificate has not been issued	Conforms	
1	BG1024	—	Blue Gelato	3 Identification C — HPLC	CITED	ППК25050	26.02.2025	CNP	in eCoA_DATABASE		identity by the HPLC cannabinoid profile on this certificate	197-1-K/26
1	BG1024	—	Blue Gelato	4 Assay — Total Δ⁹-THC	CITED	ППК25050	26.02.2025	CNP	in eCoA_DATABASE		0.90 %; 23.83 %; 21.80 %	197-1-K/26
1	BG1024	—	Blue Gelato	5 Assay — Total CBD	CITED	ППК25050	26.02.2025	CNP	in eCoA_DATABASE		0.05 %; ND %; 0.04 %	197-1-K/26
1	BG1024	—	Blue Gelato	6 Total CBN	CITED	ППК25050	26.02.2025	CNP	in eCoA_DATABASE		0.02 %	197-1-K/26
1	BG1024	—	Blue Gelato	7 Foreign matter	CITED	iCoA-PP_26-003	07.03.2025	PP	planned, NOT ISSUED (2026-05-15)	YES — the certificate has not been issued	Conforms	
1	BG1024	—	Blue Gelato	8 Loss on drying	CITED	ППК25050	26.02.2025	CNP	in eCoA_DATABASE		5.73 %	
1	BG1024	—	Blue Gelato	9 Microbiological purity	CITED	163-0271-25	24.02.2025	IJZ-MB	in eCoA_DATABASE		1,6 x 10⁴ CFU/g; 1 x 10⁴ CFU/g; < 10² и > 10 CFU/g; Одговара; Одговара	
1	BG1024	—	Blue Gelato	10 Mycotoxins	CITED	752-2025	27.02.2025	IJZ	in eCoA_DATABASE		< 2 µg/kg	197-1-M/26
1	BG1024	—	Blue Gelato	11 Heavy metals	CITED	752-2025	27.02.2025	IJZ	in eCoA_DATABASE		0,01 mg/kg; 0,016 mg/kg(l); 0,014 mg/kg(l); 0,005 mg/kg(l)	
1	BG1024	—	Blue Gelato	12 Pesticide residues	CITED	752-2025	27.02.2025	IJZ	in eCoA_DATABASE		н.д. mg/Kg; н.д. mg/Kg; н.д. mg/kg; н.д. mg/kg(l); н.д. mg/kg(l); н.д. mg/kg(l); н.д. mg/kg(l); н.д. mg/kg(l); н.д. mg/kg(l); н.д. mg/kg(l); н.д. mg/kg(l); н.д. mg/kg(l); н.д. mg/kg(l); н.д. mg/kg(l); н.д. mg/kg(l); н.д. mg/kg; н.д. mg/kg; н.д. mg/kg; н.д. mg/kg; н.д. mg/kg; н.д. mg/kg; н.д. mg/kg;	
1	BSS1024	—	Blue Sunset Sherbet	1 Identification A — appearance	CITED	iCoA-PP_26-002	04.03.2025	PP	planned, NOT ISSUED (2026-05-15)	YES — the certificate has not been issued	Conforms	
1	BSS1024	—	Blue Sunset Sherbet	2 Identification B — microscopy	CITED	iCoA-PP_26-002	04.03.2025	PP	planned, NOT ISSUED (2026-05-15)	YES — the certificate has not been issued	Conforms	
1	BSS1024	—	Blue Sunset Sherbet	3 Identification C — HPLC	CITED	ППК25051	26.02.2025	CNP	in eCoA_DATABASE		identity by the HPLC cannabinoid profile on this certificate	197-2-K/26
1	BSS1024	—	Blue Sunset Sherbet	4 Assay — Total Δ⁹-THC	CITED	ППК25051	26.02.2025	CNP	in eCoA_DATABASE		0.75 %; 23.13 %; 21.03 %	197-2-K/26
1	BSS1024	—	Blue Sunset Sherbet	5 Assay — Total CBD	CITED	ППК25051	26.02.2025	CNP	in eCoA_DATABASE		0.05 %; ND %; 0.04 %	197-2-K/26
1	BSS1024	—	Blue Sunset Sherbet	6 Total CBN	CITED	ППК25051	26.02.2025	CNP	in eCoA_DATABASE		0.02 %	197-2-K/26
1	BSS1024	—	Blue Sunset Sherbet	7 Foreign matter	CITED	iCoA-PP_26-002	04.03.2025	PP	planned, NOT ISSUED (2026-05-15)	YES — the certificate has not been issued	Conforms	
1	BSS1024	—	Blue Sunset Sherbet	8 Loss on drying	CITED	ППК25051	26.02.2025	CNP	in eCoA_DATABASE		5.99 %	
1	BSS1024	—	Blue Sunset Sherbet	9 Microbiological purity	CITED	161-0269-25	24.02.2025	IJZ-MB	in eCoA_DATABASE		1,5 x 10⁴ CFU/g; 2,2 x 10³ CFU/g; < 10² и > 10 CFU/g; Одговара; Одговара	
1	BSS1024	—	Blue Sunset Sherbet	10 Mycotoxins	CITED	751-2025	27.02.2025	IJZ	in eCoA_DATABASE		< 2 µg/kg	197-2-M/26
1	BSS1024	—	Blue Sunset Sherbet	11 Heavy metals	CITED	751-2025	27.02.2025	IJZ	in eCoA_DATABASE		0,081 mg/kg(l); 0,071 mg/kg(l); 0,014 mg/kg(l); 0,014 mg/kg(l)	
1	BSS1024	—	Blue Sunset Sherbet	12 Pesticide residues	CITED	751-2025	27.02.2025	IJZ	in eCoA_DATABASE		н.д. mg/Kg; н.д. mg/Kg; н.д. mg/kg; н.д. mg/kg(l); н.д. mg/kg(l); н.д. mg/kg(l); н.д. mg/kg(l); н.д. mg/kg(l); н.д. mg/kg(l); н.д. mg/kg(l); н.д. mg/kg(l); н.д. mg/kg(l); н.д. mg/kg(l); н.д. mg/kg(l); н.д. mg/kg(l); н.д. mg/kg; н.д. mg/kg; н.д. mg/kg; н.д. mg/kg; н.д. mg/kg; н.д. mg/kg; н.д. mg/kg;	
1	CC012601/1	P060332	CashCow	1 Identification A — appearance	CITED	iCoA-PP_26-065	22.05.2026	PP	planned, NOT ISSUED (2026-05-27)	YES — the certificate has not been issued	Conforms	
1	CC012601/1	P060332	CashCow	2 Identification B — microscopy	CITED	iCoA-PP_26-065	22.05.2026	PP	planned, NOT ISSUED (2026-05-27)	YES — the certificate has not been issued	Conforms	
1	CC012601/1	P060332	CashCow	3 Identification C — HPLC	CITED	197-6-K-26	07.08.2026	FHM-K	in eCoA_DATABASE		identity by the HPLC cannabinoid profile on this certificate	
1	CC012601/1	P060332	CashCow	4 Assay — Total Δ⁹-THC	CITED	197-6-K-26	07.08.2026	FHM-K	in eCoA_DATABASE		23.29 %w/w	
1	CC012601/1	P060332	CashCow	5 Assay — Total CBD	CITED	197-6-K-26	07.08.2026	FHM-K	in eCoA_DATABASE		< LOQ %w/w	
1	CC012601/1	P060332	CashCow	6 Total CBN	CITED	197-6-K-26	07.08.2026	FHM-K	in eCoA_DATABASE		< LOQ %w/w	
1	CC012601/1	P060332	CashCow	7 Foreign matter	CITED	iCoA-PP_26-065	22.05.2026	PP	planned, NOT ISSUED (2026-05-27)	YES — the certificate has not been issued	Conforms	
1	CC012601/1	P060332	CashCow	8 Loss on drying	NOTHING ON FILE	—	—	—	no document anywhere		—	
1	CC012601/1	P060332	CashCow	9 Microbiological purity	READ IN THIS PASS	361/0691/26	01.06.2026	IJZ-MB	in eCoA_DATABASE		7,8 x 10⁴ CFU/g CFU/g; 2,2 x 10⁴ CFU/g CFU/g; < 10 CFU/g CFU/g; Отсутна /g; Отсутна /25 g	
1	CC012601/1	P060332	CashCow	10 Mycotoxins	CITED	197-6-M-26	10.08.2026	FHM-M	in eCoA_DATABASE		ND µg/kg; ND µg/kg; ND µg/kg; ND µg/kg; ND µg/kg	
1	CC012601/1	P060332	CashCow	11 Heavy metals	NOTHING ON FILE	—	—	—	no document anywhere		—	
1	CC012601/1	P060332	CashCow	12 Pesticide residues	NOTHING ON FILE	—	—	—	no document anywhere		—	
1	CJ052501/01	P050162	Cap Junky	1 Identification A — appearance	CITED	iCoA-PP_26-022	30.09.2025	PP	planned, NOT ISSUED (2026-05-15)	YES — the certificate has not been issued	Conforms	
1	CJ052501/01	P050162	Cap Junky	2 Identification B — microscopy	CITED	iCoA-PP_26-022	30.09.2025	PP	planned, NOT ISSUED (2026-05-15)	YES — the certificate has not been issued	Conforms	
1	CJ052501/01	P050162	Cap Junky	3 Identification C — HPLC	CITED	ППК25280	17.09.2025	CNP	in eCoA_DATABASE		Conforms (ImB spec.)	197-3-K/26
1	CJ052501/01	P050162	Cap Junky	4 Assay — Total Δ⁹-THC	CITED	ППК25280	17.09.2025	CNP	in eCoA_DATABASE		20.29	197-3-K/26
1	CJ052501/01	P050162	Cap Junky	5 Assay — Total CBD	CITED	ППК25280	17.09.2025	CNP	in eCoA_DATABASE		0.07	197-3-K/26
1	CJ052501/01	P050162	Cap Junky	6 Total CBN	CITED	ППК25280	17.09.2025	CNP	in eCoA_DATABASE		0.02 ᴰ	197-3-K/26
1	CJ052501/01	P050162	Cap Junky	7 Foreign matter	CITED	iCoA-PP_26-022	30.09.2025	PP	planned, NOT ISSUED (2026-05-15)	YES — the certificate has not been issued	Conforms	
1	CJ052501/01	P050162	Cap Junky	8 Loss on drying	CITED	ППК25280	17.09.2025	CNP	in eCoA_DATABASE		7.93	
1	CJ052501/01	P050162	Cap Junky	9 Microbiological purity	CITED	949-1687-25	17.09.2025	IJZ-MB	in eCoA_DATABASE		2.8×10⁴; 1.7×10⁴; <10³ and >10² ᴿ; Одговара; Одговара	
1	CJ052501/01	P050162	Cap Junky	10 Mycotoxins	CITED	4350-2025	15.09.2025	IJZ	in eCoA_DATABASE		n.r.; <2; n.r.	197-3-M/26
1	CJ052501/01	P050162	Cap Junky	11 Heavy metals	CITED	4350-2025	15.09.2025	IJZ	in eCoA_DATABASE		0.085; Н.Д.; Н.Д.; Н.Д.	
1	CJ052501/01	P050162	Cap Junky	12 Pesticide residues	CITED	4350-2025	15.09.2025	IJZ	in eCoA_DATABASE		≤ LOQ (all 24 compounds)	
1	CJ062501/2	P050212	Cap Junky	1 Identification A — appearance	CITED	iCoA-PP_26-027	18.11.2025	PP	planned, NOT ISSUED (2026-05-15)	YES — the certificate has not been issued	Conforms	
1	CJ062501/2	P050212	Cap Junky	2 Identification B — microscopy	CITED	iCoA-PP_26-027	18.11.2025	PP	planned, NOT ISSUED (2026-05-15)	YES — the certificate has not been issued	Conforms	
1	CJ062501/2	P050212	Cap Junky	3 Identification C — HPLC	CITED	ППК25322	23.10.2025	CNP	in eCoA_DATABASE		Conforms (ImB spec.)	197-4-K/26
1	CJ062501/2	P050212	Cap Junky	4 Assay — Total Δ⁹-THC	CITED	ППК25322	23.10.2025	CNP	in eCoA_DATABASE		16.56	197-4-K/26
1	CJ062501/2	P050212	Cap Junky	5 Assay — Total CBD	CITED	ППК25322	23.10.2025	CNP	in eCoA_DATABASE		0.14	197-4-K/26
1	CJ062501/2	P050212	Cap Junky	6 Total CBN	CITED	ППК25322	23.10.2025	CNP	in eCoA_DATABASE		BLQ ᴰ	197-4-K/26
1	CJ062501/2	P050212	Cap Junky	7 Foreign matter	CITED	iCoA-PP_26-027	18.11.2025	PP	planned, NOT ISSUED (2026-05-15)	YES — the certificate has not been issued	Conforms	
1	CJ062501/2	P050212	Cap Junky	8 Loss on drying	CITED	ППК25322	23.10.2025	CNP	in eCoA_DATABASE		6.70	
1	CJ062501/2	P050212	Cap Junky	9 Microbiological purity	CITED	1032-1851-25	17.10.2025	IJZ-MB	in eCoA_DATABASE		2.2 x 10⁴; 4.9 x 10⁴; <10⁴ и >10³; Одговара; Одговара	534/1065/26
1	CJ062501/2	P050212	Cap Junky	10 Mycotoxins	CITED	4908-2025	24.10.2025	IJZ	in eCoA_DATABASE		n.r.; <2; n.r.	197-4-M/26
1	CJ062501/2	P050212	Cap Junky	11 Heavy metals	CITED	4908-2025	24.10.2025	IJZ	in eCoA_DATABASE		0.026; 0.002; 0.011; 0.012	
1	CJ062501/2	P050212	Cap Junky	12 Pesticide residues	CITED	4908-2025	24.10.2025	IJZ	in eCoA_DATABASE		≤ LOQ (all 28 compounds)	
1	CJ082501/2	P060032	Cap Junky	1 Identification A — appearance	CITED	iCoA-PP_26-039	29.01.2026	PP	planned, NOT ISSUED (2026-05-15)	YES — the certificate has not been issued	Conforms	
1	CJ082501/2	P060032	Cap Junky	2 Identification B — microscopy	CITED	iCoA-PP_26-039	29.01.2026	PP	planned, NOT ISSUED (2026-05-15)	YES — the certificate has not been issued	Conforms	
1	CJ082501/2	P060032	Cap Junky	3 Identification C — HPLC	CITED	ППК26003	21.01.2026	CNP	in eCoA_DATABASE		Conforms (ImB spec.)	197-5-K/26
1	CJ082501/2	P060032	Cap Junky	4 Assay — Total Δ⁹-THC	CITED	ППК26003	21.01.2026	CNP	in eCoA_DATABASE		20.84	197-5-K/26
1	CJ082501/2	P060032	Cap Junky	5 Assay — Total CBD	CITED	ППК26003	21.01.2026	CNP	in eCoA_DATABASE		0.08	197-5-K/26
1	CJ082501/2	P060032	Cap Junky	6 Total CBN	CITED	ППК26003	21.01.2026	CNP	in eCoA_DATABASE		ND ᴰ	197-5-K/26
1	CJ082501/2	P060032	Cap Junky	7 Foreign matter	CITED	iCoA-PP_26-039	29.01.2026	PP	planned, NOT ISSUED (2026-05-15)	YES — the certificate has not been issued	Conforms	
1	CJ082501/2	P060032	Cap Junky	8 Loss on drying	CITED	ППК26003	21.01.2026	CNP	in eCoA_DATABASE		7.37	
1	CJ082501/2	P060032	Cap Junky	9 Microbiological purity	CITED	4-0007-26	20.01.2026	IJZ-MB	in eCoA_DATABASE		9.5×10²; 1.2×10³; <10; Одговара; Одговара	
1	CJ082501/2	P060032	Cap Junky	10 Mycotoxins	CITED	82-2026	02.02.2026	IJZ	in eCoA_DATABASE		n.r.; <2; n.r.	
1	CJ082501/2	P060032	Cap Junky	11 Heavy metals	CITED	82-2026	02.02.2026	IJZ	in eCoA_DATABASE		0.073; н.д.; н.д.; н.д.	
1	CJ082501/2	P060032	Cap Junky	12 Pesticide residues	CITED	82-2026	02.02.2026	IJZ	in eCoA_DATABASE		≤ LOQ (all 29 compounds)	
1	FB012602	P060352	Fat Bastard	1 Identification A — appearance	CITED	iCoA-PP_26-067	23.05.2026	PP	planned, NOT ISSUED (2026-05-28)	YES — the certificate has not been issued	Conforms	
1	FB012602	P060352	Fat Bastard	2 Identification B — microscopy	CITED	iCoA-PP_26-067	23.05.2026	PP	planned, NOT ISSUED (2026-05-28)	YES — the certificate has not been issued	Conforms	
1	FB012602	P060352	Fat Bastard	3 Identification C — HPLC	CITED	197-7-K-26	07.08.2026	FHM-K	in eCoA_DATABASE		identity by the HPLC cannabinoid profile on this certificate	
1	FB012602	P060352	Fat Bastard	4 Assay — Total Δ⁹-THC	CITED	197-7-K-26	07.08.2026	FHM-K	in eCoA_DATABASE		24.09 %w/w	
1	FB012602	P060352	Fat Bastard	5 Assay — Total CBD	CITED	197-7-K-26	07.08.2026	FHM-K	in eCoA_DATABASE		< LOQ %w/w	
1	FB012602	P060352	Fat Bastard	6 Total CBN	CITED	197-7-K-26	07.08.2026	FHM-K	in eCoA_DATABASE		< LOQ %w/w	
1	FB012602	P060352	Fat Bastard	7 Foreign matter	CITED	iCoA-PP_26-067	23.05.2026	PP	planned, NOT ISSUED (2026-05-28)	YES — the certificate has not been issued	Conforms	
1	FB012602	P060352	Fat Bastard	8 Loss on drying	NOTHING ON FILE	—	—	—	no document anywhere		—	
1	FB012602	P060352	Fat Bastard	9 Microbiological purity	READ IN THIS PASS	366/0696/26	01.06.2026	IJZ-MB	in eCoA_DATABASE		6,3 x 10⁴ CFU/g CFU/g; 2,2 x 10⁴ CFU/g CFU/g; < 10 CFU/g CFU/g; Отсутна /g; Отсутна /25 g	
1	FB012602	P060352	Fat Bastard	10 Mycotoxins	CITED	197-7-M-26	10.08.2026	FHM-M	in eCoA_DATABASE		ND µg/kg; ND µg/kg; ND µg/kg; ND µg/kg; ND µg/kg	
1	FB012602	P060352	Fat Bastard	11 Heavy metals	NOTHING ON FILE	—	—	—	no document anywhere		—	
1	FB012602	P060352	Fat Bastard	12 Pesticide residues	NOTHING ON FILE	—	—	—	no document anywhere		—	
1	GG012603	P060402	GG4	1 Identification A — appearance	CITED	ППК26114	30.06.2026	CNP	in eCoA_DATABASE		Одговара; Одговара	
1	GG012603	P060402	GG4	2 Identification B — microscopy	CITED	ППК26114	30.06.2026	CNP	in eCoA_DATABASE		Одговара; Одговара	
1	GG012603	P060402	GG4	3 Identification C — HPLC	CITED	ППК26114	30.06.2026	CNP	in eCoA_DATABASE		identity by the HPLC cannabinoid profile on this certificate	197-8-K/26
1	GG012603	P060402	GG4	4 Assay — Total Δ⁹-THC	CITED	ППК26114	30.06.2026	CNP	in eCoA_DATABASE		17.59 % %; 17.59 % %	197-8-K/26
1	GG012603	P060402	GG4	5 Assay — Total CBD	CITED	ППК26114	30.06.2026	CNP	in eCoA_DATABASE		0.05 % %; 0.05 % %	197-8-K/26
1	GG012603	P060402	GG4	6 Total CBN	CITED	ППК26114	30.06.2026	CNP	in eCoA_DATABASE		0.15 % %; 0.15 % %	197-8-K/26
1	GG012603	P060402	GG4	7 Foreign matter	CITED	ППК26114	30.06.2026	CNP	in eCoA_DATABASE		0.09 % (Одговара) %; 0.09 % (Одговара) %	
1	GG012603	P060402	GG4	8 Loss on drying	CITED	ППК26114	30.06.2026	CNP	in eCoA_DATABASE		6.48 % %; 6.48 % %	
1	GG012603	P060402	GG4	9 Microbiological purity	READ IN THIS PASS	404/0787/26	24.06.2026	IJZ-MB	in eCoA_DATABASE		5 x 10³ CFU/g CFU/g; 4,1 x 10³ CFU/g CFU/g; < 10 CFU/g CFU/g; Отсутна /g; Отсутна /25 g	
1	GG012603	P060402	GG4	10 Mycotoxins	CITED	197-8-M-26	10.08.2026	FHM-M	in eCoA_DATABASE		ND µg/kg; ND µg/kg; ND µg/kg; ND µg/kg; ND µg/kg	3659/2026
1	GG012603	P060402	GG4	11 Heavy metals	READ IN THIS PASS	3659/2026	22.06.2026	IJZ	in eCoA_DATABASE		0,059 mg/kg; 0,03 mg/kg(l); 0,05 mg/kg(l); 0,015 mg/kg(l)	
1	GG012603	P060402	GG4	12 Pesticide residues	READ IN THIS PASS	3659/2026	22.06.2026	IJZ	in eCoA_DATABASE		< 0,01 mg/kg; < 0,01 mg/kg; < 0,01 mg/kg; < 0,01 mg/kg; < 0,01 mg/kg; < 0,01 mg/kg; < 0,01 mg/kg; < 0,01 mg/kg; < 0,01 mg/kg; < 0,01 mg/kg; < 0,01 mg/kg; < 0,01 mg/kg; < 0,01 mg/kg; < 0,01 mg/kg; < 0,01 mg/kg; < 0,01 mg/kg; < 0,01 mg/kg; < 0,01 mg/kg; < 0,01 mg/kg; < 0,01 mg/kg; < 0,01 mg/kg; < 0,01	
1	GG1024_01	P050092	Gorilla Glue	1 Identification A — appearance	CITED	iCoA-PP_26-015	31.07.2025	PP	planned, NOT ISSUED (2026-05-15)	YES — the certificate has not been issued	Conforms	
1	GG1024_01	P050092	Gorilla Glue	2 Identification B — microscopy	CITED	iCoA-PP_26-015	31.07.2025	PP	planned, NOT ISSUED (2026-05-15)	YES — the certificate has not been issued	Conforms	
1	GG1024_01	P050092	Gorilla Glue	3 Identification C — HPLC	CITED	ППК25104	17.04.2025	CNP	in eCoA_DATABASE		Conforms (ImB spec.)	197-9-K/26
1	GG1024_01	P050092	Gorilla Glue	4 Assay — Total Δ⁹-THC	CITED	ППК25104	17.04.2025	CNP	in eCoA_DATABASE		17.22	197-9-K/26
1	GG1024_01	P050092	Gorilla Glue	5 Assay — Total CBD	CITED	ППК25104	17.04.2025	CNP	in eCoA_DATABASE		0.05	197-9-K/26
1	GG1024_01	P050092	Gorilla Glue	6 Total CBN	CITED	ППК25104	17.04.2025	CNP	in eCoA_DATABASE		ND ᴰ	197-9-K/26
1	GG1024_01	P050092	Gorilla Glue	7 Foreign matter	CITED	iCoA-PP_26-015	31.07.2025	PP	planned, NOT ISSUED (2026-05-15)	YES — the certificate has not been issued	Conforms	
1	GG1024_01	P050092	Gorilla Glue	8 Loss on drying	CITED	ППК25104	17.04.2025	CNP	in eCoA_DATABASE		7.54	
1	GG1024_01	P050092	Gorilla Glue	9 Microbiological purity	CITED	320-0587-25	14.04.2025	IJZ-MB	in eCoA_DATABASE		5.1 x 10⁴; 4.2 x 10⁴; <10; Одговара; Одговара	
1	GG1024_01	P050092	Gorilla Glue	10 Mycotoxins	CITED	1766-2025	11.04.2025	IJZ	in eCoA_DATABASE		n.r.; <2; n.r.	197-9-M/26
1	GG1024_01	P050092	Gorilla Glue	11 Heavy metals	CITED	1766-2025	11.04.2025	IJZ	in eCoA_DATABASE		0.02; 0.007; 0.015; 0.005	
1	GG1024_01	P050092	Gorilla Glue	12 Pesticide residues	CITED	1766-2025	11.04.2025	IJZ	in eCoA_DATABASE		≤ LOQ (all 27 compounds)	
1	GP052501	P050152	Grape Pie	1 Identification A — appearance	CITED	iCoA-PP_26-020	25.09.2025	PP	planned, NOT ISSUED (2026-05-15)	YES — the certificate has not been issued	Conforms	
1	GP052501	P050152	Grape Pie	2 Identification B — microscopy	CITED	iCoA-PP_26-020	25.09.2025	PP	planned, NOT ISSUED (2026-05-15)	YES — the certificate has not been issued	Conforms	
1	GP052501	P050152	Grape Pie	3 Identification C — HPLC	CITED	ППК25279	19.09.2025	CNP	in eCoA_DATABASE		Conforms (ImB spec.)	197-10-K/26
1	GP052501	P050152	Grape Pie	4 Assay — Total Δ⁹-THC	CITED	ППК25279	19.09.2025	CNP	in eCoA_DATABASE		18.98	197-10-K/26
1	GP052501	P050152	Grape Pie	5 Assay — Total CBD	CITED	ППК25279	19.09.2025	CNP	in eCoA_DATABASE		0.08	197-10-K/26
1	GP052501	P050152	Grape Pie	6 Total CBN	CITED	ППК25279	19.09.2025	CNP	in eCoA_DATABASE		0.03 ᴰ	197-10-K/26
1	GP052501	P050152	Grape Pie	7 Foreign matter	CITED	iCoA-PP_26-020	25.09.2025	PP	planned, NOT ISSUED (2026-05-15)	YES — the certificate has not been issued	Conforms	
1	GP052501	P050152	Grape Pie	8 Loss on drying	CITED	ППК25279	19.09.2025	CNP	in eCoA_DATABASE		7.30	
1	GP052501	P050152	Grape Pie	9 Microbiological purity	CITED	946-1684-25	17.09.2025	IJZ-MB	in eCoA_DATABASE		2.1×10⁴ ᴿ; 3.6 x 10⁴; <10² и >10¹; Одговара; Одговара	
1	GP052501	P050152	Grape Pie	10 Mycotoxins	CITED	4348-2025	15.09.2025	IJZ	in eCoA_DATABASE		n.r.; <2; n.r.	197-10-M/26
1	GP052501	P050152	Grape Pie	11 Heavy metals	CITED	4348-2025	15.09.2025	IJZ	in eCoA_DATABASE		0.06; н.д.; н.д.; н.д.	
1	GP052501	P050152	Grape Pie	12 Pesticide residues	CITED	4348-2025	15.09.2025	IJZ	in eCoA_DATABASE		≤ LOQ (all 29 compounds)	
1	GP0824_02	P050022	Grape Pie	1 Identification A — appearance	CITED	iCoA-PP_26-007	03.06.2025	PP	planned, NOT ISSUED (2026-05-15)	YES — the certificate has not been issued	Conforms	
1	GP0824_02	P050022	Grape Pie	2 Identification B — microscopy	CITED	iCoA-PP_26-007	03.06.2025	PP	planned, NOT ISSUED (2026-05-15)	YES — the certificate has not been issued	Conforms	
1	GP0824_02	P050022	Grape Pie	3 Identification C — HPLC	CITED	ППК25139	22.05.2025	CNP	in eCoA_DATABASE		Conforms (ImB spec.)	197-11-K/26; ППК25174
1	GP0824_02	P050022	Grape Pie	4 Assay — Total Δ⁹-THC	CITED	ППК25139	22.05.2025	CNP	in eCoA_DATABASE		23.79	197-11-K/26; ППК25174
1	GP0824_02	P050022	Grape Pie	5 Assay — Total CBD	CITED	ППК25139	22.05.2025	CNP	in eCoA_DATABASE		0.10	197-11-K/26; ППК25174
1	GP0824_02	P050022	Grape Pie	6 Total CBN	CITED	ППК25139	22.05.2025	CNP	in eCoA_DATABASE		0.02 ᴰ	197-11-K/26; ППК25174
1	GP0824_02	P050022	Grape Pie	7 Foreign matter	CITED	iCoA-PP_26-007	03.06.2025	PP	planned, NOT ISSUED (2026-05-15)	YES — the certificate has not been issued	Conforms	
1	GP0824_02	P050022	Grape Pie	8 Loss on drying	CITED	ППК25139	22.05.2025	CNP	in eCoA_DATABASE		7.21	ППК25174
1	GP0824_02	P050022	Grape Pie	9 Microbiological purity	CITED	471-0862-25	22.05.2025	IJZ-MB	in eCoA_DATABASE		700; 10; <10^2 и >10; Одговара; Одговара	627/1128/25; 475/0927/26; 476/0928/26
1	GP0824_02	P050022	Grape Pie	10 Mycotoxins	CITED	2471-2025	30.05.2025	IJZ	in eCoA_DATABASE		n.r.; <2; n.r.	197-11-M/26; 3176/2025
1	GP0824_02	P050022	Grape Pie	11 Heavy metals	CITED	2471-2025	30.05.2025	IJZ	in eCoA_DATABASE		н.д.; н.д.; н.д.; н.д.	3176/2025
1	GP0824_02	P050022	Grape Pie	12 Pesticide residues	CITED	2471-2025	30.05.2025	IJZ	in eCoA_DATABASE		≤ LOQ (all 29 compounds)	3176/2025
1	GP082501/2	P050322	Grape Pie	1 Identification A — appearance	CITED	iCoA-PP_26-036	26.12.2025	PP	planned, NOT ISSUED (2026-05-15)	YES — the certificate has not been issued	Conforms	
1	GP082501/2	P050322	Grape Pie	2 Identification B — microscopy	CITED	iCoA-PP_26-036	26.12.2025	PP	planned, NOT ISSUED (2026-05-15)	YES — the certificate has not been issued	Conforms	
1	GP082501/2	P050322	Grape Pie	3 Identification C — HPLC	CITED	ППК25381	12.12.2025	CNP	in eCoA_DATABASE		Conforms (ImB spec.)	197-12-K/26
1	GP082501/2	P050322	Grape Pie	4 Assay — Total Δ⁹-THC	CITED	ППК25381	12.12.2025	CNP	in eCoA_DATABASE		14.83	197-12-K/26
1	GP082501/2	P050322	Grape Pie	5 Assay — Total CBD	CITED	ППК25381	12.12.2025	CNP	in eCoA_DATABASE		0.11	197-12-K/26
1	GP082501/2	P050322	Grape Pie	6 Total CBN	CITED	ППК25381	12.12.2025	CNP	in eCoA_DATABASE		0.02 % ᴰ	197-12-K/26
1	GP082501/2	P050322	Grape Pie	7 Foreign matter	CITED	iCoA-PP_26-036	26.12.2025	PP	planned, NOT ISSUED (2026-05-15)	YES — the certificate has not been issued	Conforms	
1	GP082501/2	P050322	Grape Pie	8 Loss on drying	CITED	ППК25381	12.12.2025	CNP	in eCoA_DATABASE		6.88	
1	GP082501/2	P050322	Grape Pie	9 Microbiological purity	CITED	1227-2193-25	05.12.2025	IJZ-MB	in eCoA_DATABASE		3.2 x 10³; 5.8 x 10³; <10^4 и >10^3; Одговара; Одговара	
1	GP082501/2	P050322	Grape Pie	10 Mycotoxins	CITED	5889-2025	12.12.2025	IJZ	in eCoA_DATABASE		n.r.; <2; n.r.	197-12-M/26
1	GP082501/2	P050322	Grape Pie	11 Heavy metals	CITED	5889-2025	12.12.2025	IJZ	in eCoA_DATABASE		0.013; 0.003; 0.02; 0.016	
1	GP082501/2	P050322	Grape Pie	12 Pesticide residues	CITED	5889-2025	12.12.2025	IJZ	in eCoA_DATABASE		≤ LOQ (all 29 compounds)	
1	HPA1024	—	High Pro Amnesia	1 Identification A — appearance	CITED	iCoA-PP_26-005	11.04.2025	PP	planned, NOT ISSUED (2026-05-15)	YES — the certificate has not been issued	Conforms	
1	HPA1024	—	High Pro Amnesia	2 Identification B — microscopy	CITED	iCoA-PP_26-005	11.04.2025	PP	planned, NOT ISSUED (2026-05-15)	YES — the certificate has not been issued	Conforms	
1	HPA1024	—	High Pro Amnesia	3 Identification C — HPLC	CITED	197-13-K-26	07.08.2026	FHM-K	in eCoA_DATABASE		identity by the HPLC cannabinoid profile on this certificate	
1	HPA1024	—	High Pro Amnesia	4 Assay — Total Δ⁹-THC	CITED	197-13-K-26	07.08.2026	FHM-K	in eCoA_DATABASE		19.68 %w/w	
1	HPA1024	—	High Pro Amnesia	5 Assay — Total CBD	CITED	197-13-K-26	07.08.2026	FHM-K	in eCoA_DATABASE		< LOQ %w/w	
1	HPA1024	—	High Pro Amnesia	6 Total CBN	CITED	197-13-K-26	07.08.2026	FHM-K	in eCoA_DATABASE		< LOQ %w/w	
1	HPA1024	—	High Pro Amnesia	7 Foreign matter	CITED	iCoA-PP_26-005	11.04.2025	PP	planned, NOT ISSUED (2026-05-15)	YES — the certificate has not been issued	Conforms	
1	HPA1024	—	High Pro Amnesia	8 Loss on drying	ON FILE, NOT READ	—	—	—	in eCoA_DATABASE/_IN-HOUSE_PP		—	
1	HPA1024	—	High Pro Amnesia	9 Microbiological purity	READ IN THIS PASS	NO-DOC-CODE (Report of Analysis)	—	PP	in eCoA_DATABASE/_IN-HOUSE_PP		5.2·10⁴ CFU/g CFU/g; 7·10² CFU/g CFU/g; <10 CFU/g CFU/g; Absent; Absent	
1	HPA1024	—	High Pro Amnesia	10 Mycotoxins	CITED	197-13-M-26	10.08.2026	FHM-M	in eCoA_DATABASE		ND µg/kg; ND µg/kg; ND µg/kg; ND µg/kg; < LOQ µg/kg	
1	HPA1024	—	High Pro Amnesia	11 Heavy metals	READ IN THIS PASS	NO-DOC-CODE (Report of Analysis)	—	PP	in eCoA_DATABASE/_IN-HOUSE_PP		0.013 mg/kg mg/kg; 0.02 mg/kg mg/kg; 0.0026 mg/kg mg/kg; 0.017 mg/kg mg/kg	
1	HPA1024	—	High Pro Amnesia	12 Pesticide residues	READ IN THIS PASS	NO-DOC-CODE (Report of Analysis)	—	PP	in eCoA_DATABASE/_IN-HOUSE_PP		N.D. mg/kg; N.D. mg/kg; N.D. mg/kg; N.D. mg/kg; N.D. mg/kg; N.D. mg/kg; N.D. mg/kg; N.D. mg/kg; N.D. mg/kg; N.D. mg/kg; N.D. mg/kg; N.D. mg/kg; N.D. mg/kg	
1	HPA1024_01	P050052	High Pro Amnesia	1 Identification A — appearance	CITED	iCoA-PP_26-011	27.06.2025	PP	planned, NOT ISSUED (2026-05-15)	YES — the certificate has not been issued	Conforms	
1	HPA1024_01	P050052	High Pro Amnesia	2 Identification B — microscopy	CITED	iCoA-PP_26-011	27.06.2025	PP	planned, NOT ISSUED (2026-05-15)	YES — the certificate has not been issued	Conforms	
1	HPA1024_01	P050052	High Pro Amnesia	3 Identification C — HPLC	CITED	ППК25155	24.06.2025	CNP	in eCoA_DATABASE		Conforms (ImB spec.)	197-14-K/26
1	HPA1024_01	P050052	High Pro Amnesia	4 Assay — Total Δ⁹-THC	CITED	ППК25155	24.06.2025	CNP	in eCoA_DATABASE		22.43	197-14-K/26
1	HPA1024_01	P050052	High Pro Amnesia	5 Assay — Total CBD	CITED	ППК25155	24.06.2025	CNP	in eCoA_DATABASE		0.10	197-14-K/26
1	HPA1024_01	P050052	High Pro Amnesia	6 Total CBN	CITED	ППК25155	24.06.2025	CNP	in eCoA_DATABASE		0.02 ᴰ	197-14-K/26
1	HPA1024_01	P050052	High Pro Amnesia	7 Foreign matter	CITED	iCoA-PP_26-011	27.06.2025	PP	planned, NOT ISSUED (2026-05-15)	YES — the certificate has not been issued	Conforms	
1	HPA1024_01	P050052	High Pro Amnesia	8 Loss on drying	CITED	ППК25155	24.06.2025	CNP	in eCoA_DATABASE		6.36	
1	HPA1024_01	P050052	High Pro Amnesia	9 Microbiological purity	CITED	587-1066-25	18.06.2025	IJZ-MB	in eCoA_DATABASE		9.6 x 10³; 1.5 x 10⁴; <10; Одговара; Одговара	
1	HPA1024_01	P050052	High Pro Amnesia	10 Mycotoxins	CITED	2995-2025	19.06.2025	IJZ	in eCoA_DATABASE		n.r.; <2; n.r.	197-14-M/26
1	HPA1024_01	P050052	High Pro Amnesia	11 Heavy metals	CITED	2995-2025	19.06.2025	IJZ	in eCoA_DATABASE		0.059; 0.014; 0.037; 0.008	
1	HPA1024_01	P050052	High Pro Amnesia	12 Pesticide residues	CITED	2995-2025	19.06.2025	IJZ	in eCoA_DATABASE		≤ LOQ (all 23 compounds)	
1	J31102501	P060152	Jokerz 31	1 Identification A — appearance	CITED	iCoA-PP_26-048	05.03.2026	PP	planned, NOT ISSUED (2026-05-15)	YES — the certificate has not been issued	Conforms	
1	J31102501	P060152	Jokerz 31	2 Identification B — microscopy	CITED	iCoA-PP_26-048	05.03.2026	PP	planned, NOT ISSUED (2026-05-15)	YES — the certificate has not been issued	Conforms	
1	J31102501	P060152	Jokerz 31	3 Identification C — HPLC	CITED	051-1-K-26	04.03.2026	FHM-K	in eCoA_DATABASE		Conforms (ImB spec.) ᴿ	197-16-K/26
1	J31102501	P060152	Jokerz 31	4 Assay — Total Δ⁹-THC	CITED	051-1-K-26	04.03.2026	FHM-K	in eCoA_DATABASE		19.14	197-16-K/26
1	J31102501	P060152	Jokerz 31	5 Assay — Total CBD	CITED	051-1-K-26	04.03.2026	FHM-K	in eCoA_DATABASE		<LOQ**	197-16-K/26
1	J31102501	P060152	Jokerz 31	6 Total CBN	CITED	051-1-K-26	04.03.2026	FHM-K	in eCoA_DATABASE		<LOQ**	197-16-K/26
1	J31102501	P060152	Jokerz 31	7 Foreign matter	CITED	iCoA-PP_26-048	05.03.2026	PP	planned, NOT ISSUED (2026-05-15)	YES — the certificate has not been issued	Conforms	
1	J31102501	P060152	Jokerz 31	8 Loss on drying	CITED	051-1-LoD-26	02.03.2026	FHM-K	in eCoA_DATABASE		6.3	
1	J31102501	P060152	Jokerz 31	9 Microbiological purity	READ IN THIS PASS	133/0230/26	06.03.2026	IJZ-MB	in eCoA_DATABASE		1,6 x 10² CFU/g CFU/g; 1,9 x 10² CFU/g CFU/g; < 10 CFU/g CFU/g; Одговара; Одговара	
1	J31102501	P060152	Jokerz 31	10 Mycotoxins	CITED	197-16-M-26	10.08.2026	FHM-M	in eCoA_DATABASE		ND µg/kg; ND µg/kg; ND µg/kg; ND µg/kg; ND µg/kg	1056/2026
1	J31102501	P060152	Jokerz 31	11 Heavy metals	READ IN THIS PASS	1056/2026	09.03.2026	IJZ	in eCoA_DATABASE		0,061 mg/kg(l); н.д. mg/kg(l); н.д. mg/kg(l); н.д. mg/kg(l)	
1	J31102501	P060152	Jokerz 31	12 Pesticide residues	READ IN THIS PASS	1056/2026	09.03.2026	IJZ	in eCoA_DATABASE		н.д. mg/kg; н.д. mg/kg; н.д. mg/kg; н.д. mg/kg; н.д. mg/kg; н.д. mg/kg; н.д. mg/kg; н.д. mg/kg; н.д. mg/kg; н.д. mg/kg; н.д. mg/kg; н.д. mg/kg; н.д. mg/Kg; н.д. mg/kg; н.д. mg/kg; н.д. mg/kg; н.д. mg/kg; н.д. mg/kg; н.д. mg/kg; н.д. mg/kg; н.д. mg/kg; н.д. mg/kg; н.д. mg/kg; н.д. mg/kg; н.д. mg/kg;	
1	JD112501	P060212	Jelly Donuts	1 Identification A — appearance	CITED	iCoA-PP_26-054	21.04.2026	PP	planned, NOT ISSUED (2026-05-15)	YES — the certificate has not been issued	Conforms	
1	JD112501	P060212	Jelly Donuts	2 Identification B — microscopy	CITED	iCoA-PP_26-054	21.04.2026	PP	planned, NOT ISSUED (2026-05-15)	YES — the certificate has not been issued	Conforms	
1	JD112501	P060212	Jelly Donuts	3 Identification C — HPLC	CITED	ППК26063	11.05.2026	CNP	in eCoA_DATABASE		identity by the HPLC cannabinoid profile on this certificate	197-15-K/26; ППК26065
1	JD112501	P060212	Jelly Donuts	4 Assay — Total Δ⁹-THC	CITED	ППК26063	11.05.2026	CNP	in eCoA_DATABASE		0.58 % %; 21.74 % %; 19.64 % %	197-15-K/26; ППК26065
1	JD112501	P060212	Jelly Donuts	5 Assay — Total CBD	CITED	ППК26063	11.05.2026	CNP	in eCoA_DATABASE		0.07 % %; BLQ %; 0.06 % %	197-15-K/26; ППК26065
1	JD112501	P060212	Jelly Donuts	6 Total CBN	CITED	ППК26063	11.05.2026	CNP	in eCoA_DATABASE		BLQ %	197-15-K/26; ППК26065
1	JD112501	P060212	Jelly Donuts	7 Foreign matter	CITED	iCoA-PP_26-054	21.04.2026	PP	planned, NOT ISSUED (2026-05-15)	YES — the certificate has not been issued	Conforms	
1	JD112501	P060212	Jelly Donuts	8 Loss on drying	CITED	ППК26063	11.05.2026	CNP	in eCoA_DATABASE		6.69 % %	ППК26065
1	JD112501	P060212	Jelly Donuts	9 Microbiological purity	CITED	306-0550-26	28.04.2026	IJZ-MB	in eCoA_DATABASE		1 x 10⁴ CFU/g CFU/g; 6,7 x 10³ CFU/g CFU/g; < 10³ и >10² CFU/g CFU/g; Отсутна/g; Отсутна/25 g	307/0551/26
1	JD112501	P060212	Jelly Donuts	10 Mycotoxins	CITED	2361-2026	30.04.2026	IJZ	in eCoA_DATABASE		< 2 µg/kg	197-15-M/26; 2365/2026
1	JD112501	P060212	Jelly Donuts	11 Heavy metals	CITED	2361-2026	30.04.2026	IJZ	in eCoA_DATABASE		0,022 mg/kg; 0,0149 mg/kg(l); 0,02 mg/kg(l); 0,0166 mg/kg(l)	2365/2026
1	JD112501	P060212	Jelly Donuts	12 Pesticide residues	CITED	2361-2026	30.04.2026	IJZ	in eCoA_DATABASE		н.д. mg/kg; н.д. mg/kg; н.д. mg/kg; н.д. mg/kg; н.д. mg/kg; н.д. mg/kg; н.д. mg/kg; н.д. mg/kg; н.д. mg/kg; н.д. mg/kg; н.д. mg/kg; н.д. mg/kg; н.д. mg/kg; н.д. mg/Kg; н.д. mg/kg; н.д. mg/kg; н.д. mg/kg; н.д. mg/kg; н.д. mg/kg; н.д. mg/kg; н.д. mg/kg; н.д. mg/kg; н.д. mg/kg; н.д. mg/kg; н.д. mg/kg;	2365/2026
1	OPM1024	—	Orange Punch Mimosa	1 Identification A — appearance	CITED	NO-DOC-CODE (Report of Analysis)	23.04.2025	PP	in eCoA_DATABASE/_IN-HOUSE_PP		Confirms	
1	OPM1024	—	Orange Punch Mimosa	2 Identification B — microscopy	CITED	iCoA-PP_26-006	24.04.2025	PP	planned, NOT ISSUED (2026-05-15)	YES — the certificate has not been issued	Conforms	
1	OPM1024	—	Orange Punch Mimosa	3 Identification C — HPLC	CITED	197-17-K-26	07.08.2026	FHM-K	in eCoA_DATABASE		identity by the HPLC cannabinoid profile on this certificate	
1	OPM1024	—	Orange Punch Mimosa	4 Assay — Total Δ⁹-THC	CITED	197-17-K-26	07.08.2026	FHM-K	in eCoA_DATABASE		20.03 %w/w	
1	OPM1024	—	Orange Punch Mimosa	5 Assay — Total CBD	CITED	197-17-K-26	07.08.2026	FHM-K	in eCoA_DATABASE		< LOQ %w/w	
1	OPM1024	—	Orange Punch Mimosa	6 Total CBN	CITED	197-17-K-26	07.08.2026	FHM-K	in eCoA_DATABASE		< LOQ %w/w	
1	OPM1024	—	Orange Punch Mimosa	7 Foreign matter	CITED	NO-DOC-CODE (Report of Analysis)	23.04.2025	PP	in eCoA_DATABASE/_IN-HOUSE_PP		Confirms	
1	OPM1024	—	Orange Punch Mimosa	8 Loss on drying	ON FILE, NOT READ	—	—	—	in eCoA_DATABASE/_IN-HOUSE_PP		—	
1	OPM1024	—	Orange Punch Mimosa	9 Microbiological purity	READ IN THIS PASS	NO-DOC-CODE (Report of Analysis)	—	PP	in eCoA_DATABASE/_IN-HOUSE_PP		1.3·10⁴ CFU/g CFU/g; 7·10² CFU/g CFU/g; <10²>10³CFU/g CFU/g; Absent; Absent	
1	OPM1024	—	Orange Punch Mimosa	10 Mycotoxins	CITED	197-17-M-26	10.08.2026	FHM-M	in eCoA_DATABASE		ND µg/kg; ND µg/kg; ND µg/kg; ND µg/kg; ND µg/kg	
1	OPM1024	—	Orange Punch Mimosa	11 Heavy metals	READ IN THIS PASS	NO-DOC-CODE (Report of Analysis)	—	PP	in eCoA_DATABASE/_IN-HOUSE_PP		0.017 mg/kg mg/kg; 0.031 mg/kg mg/kg; 0.005 mg/kg mg/kg; 0.045 mg/kg mg/kg	
1	OPM1024	—	Orange Punch Mimosa	12 Pesticide residues	READ IN THIS PASS	NO-DOC-CODE (Report of Analysis)	—	PP	in eCoA_DATABASE/_IN-HOUSE_PP		N.D. mg/kg; N.D. mg/kg; N.D. mg/kg; N.D. mg/kg; N.D. mg/kg; N.D. mg/kg; N.D. mg/kg; N.D. mg/kg; N.D. mg/kg; N.D. mg/kg; N.D. mg/kg; N.D. mg/kg; N.D. mg/kg	
1	OPM1024_02	P050062	Orange Punch Mimosa	1 Identification A — appearance	CITED	iCoA-PP_26-012	04.07.2025	PP	planned, NOT ISSUED (2026-05-15)	YES — the certificate has not been issued	Conforms	
1	OPM1024_02	P050062	Orange Punch Mimosa	2 Identification B — microscopy	CITED	iCoA-PP_26-012	04.07.2025	PP	planned, NOT ISSUED (2026-05-15)	YES — the certificate has not been issued	Conforms	
1	OPM1024_02	P050062	Orange Punch Mimosa	3 Identification C — HPLC	CITED	ППК25154	24.06.2025	CNP	in eCoA_DATABASE		Conforms (ImB spec.)	197-18-K/26
1	OPM1024_02	P050062	Orange Punch Mimosa	4 Assay — Total Δ⁹-THC	CITED	ППК25154	24.06.2025	CNP	in eCoA_DATABASE		18.27	197-18-K/26
1	OPM1024_02	P050062	Orange Punch Mimosa	5 Assay — Total CBD	CITED	ППК25154	24.06.2025	CNP	in eCoA_DATABASE		0.05	197-18-K/26
1	OPM1024_02	P050062	Orange Punch Mimosa	6 Total CBN	CITED	ППК25154	24.06.2025	CNP	in eCoA_DATABASE		0.02 ᴰ	197-18-K/26
1	OPM1024_02	P050062	Orange Punch Mimosa	7 Foreign matter	CITED	iCoA-PP_26-012	04.07.2025	PP	planned, NOT ISSUED (2026-05-15)	YES — the certificate has not been issued	Conforms	
1	OPM1024_02	P050062	Orange Punch Mimosa	8 Loss on drying	CITED	ППК25154	24.06.2025	CNP	in eCoA_DATABASE		6.89	
1	OPM1024_02	P050062	Orange Punch Mimosa	9 Microbiological purity	CITED	588-1067-25	18.06.2025	IJZ-MB	in eCoA_DATABASE		3.4 x 10³; 3.6 x 10³; <10; Одговара; Одговара	
1	OPM1024_02	P050062	Orange Punch Mimosa	10 Mycotoxins	CITED	2994-2025	19.06.2025	IJZ	in eCoA_DATABASE		n.r.; <2; n.r.	197-18-M/26
1	OPM1024_02	P050062	Orange Punch Mimosa	11 Heavy metals	CITED	2994-2025	19.06.2025	IJZ	in eCoA_DATABASE		0.052; 0.011; 0.028; 0.061	
1	OPM1024_02	P050062	Orange Punch Mimosa	12 Pesticide residues	CITED	2994-2025	19.06.2025	IJZ	in eCoA_DATABASE		FINDS: delta HCH <0.01	
1	OPM122501	P060242	Orange Punch Mimosa	1 Identification A — appearance	CITED	iCoA-PP_26-057	28.04.2026	PP	planned, NOT ISSUED (2026-05-15)	YES — the certificate has not been issued	Conforms	
1	OPM122501	P060242	Orange Punch Mimosa	2 Identification B — microscopy	CITED	iCoA-PP_26-057	28.04.2026	PP	planned, NOT ISSUED (2026-05-15)	YES — the certificate has not been issued	Conforms	
1	OPM122501	P060242	Orange Punch Mimosa	3 Identification C — HPLC	CITED	100-4-K-26	09.04.2026	FHM-K	in eCoA_DATABASE		Conforms (ImB spec.) ᴿ	197-19-K/26
1	OPM122501	P060242	Orange Punch Mimosa	4 Assay — Total Δ⁹-THC	CITED	100-4-K-26	09.04.2026	FHM-K	in eCoA_DATABASE		8.09	197-19-K/26
1	OPM122501	P060242	Orange Punch Mimosa	5 Assay — Total CBD	CITED	100-4-K-26	09.04.2026	FHM-K	in eCoA_DATABASE		<LOQ	197-19-K/26
1	OPM122501	P060242	Orange Punch Mimosa	6 Total CBN	CITED	100-4-K-26	09.04.2026	FHM-K	in eCoA_DATABASE		<LOQ	197-19-K/26
1	OPM122501	P060242	Orange Punch Mimosa	7 Foreign matter	CITED	iCoA-PP_26-057	28.04.2026	PP	planned, NOT ISSUED (2026-05-15)	YES — the certificate has not been issued	Conforms	
1	OPM122501	P060242	Orange Punch Mimosa	8 Loss on drying	CITED	100-4-LoD-26	09.04.2026	FHM-K	in eCoA_DATABASE		6.6	
1	OPM122501	P060242	Orange Punch Mimosa	9 Microbiological purity	CITED	229-0392-26	07.04.2026	IJZ-MB	in eCoA_DATABASE		120; 100; <10; Одговара; Одговара	
1	OPM122501	P060242	Orange Punch Mimosa	10 Mycotoxins	CITED	1627-2026	23.04.2026	IJZ	in eCoA_DATABASE		n.r.; 2.2; n.r.	197-19-M/26
1	OPM122501	P060242	Orange Punch Mimosa	11 Heavy metals	CITED	1627-2026	23.04.2026	IJZ	in eCoA_DATABASE		0.049; 0.165; н.д.; н.д.	
1	OPM122501	P060242	Orange Punch Mimosa	12 Pesticide residues	CITED	1627-2026	23.04.2026	IJZ	in eCoA_DATABASE		≤ LOQ (all 25 compounds)	
1	PM092501	P060062	Permanent Marker	1 Identification A — appearance	CITED	iCoA-PP_26-042	30.01.2026	PP	planned, NOT ISSUED (2026-05-15)	YES — the certificate has not been issued	Conforms	
1	PM092501	P060062	Permanent Marker	2 Identification B — microscopy	CITED	iCoA-PP_26-042	30.01.2026	PP	planned, NOT ISSUED (2026-05-15)	YES — the certificate has not been issued	Conforms	
1	PM092501	P060062	Permanent Marker	3 Identification C — HPLC	CITED	ППК26004	21.01.2026	CNP	in eCoA_DATABASE		Conforms (ImB spec.) ᴿ	197-20-K/26
1	PM092501	P060062	Permanent Marker	4 Assay — Total Δ⁹-THC	CITED	ППК26004	21.01.2026	CNP	in eCoA_DATABASE		14.06 ᴿ	197-20-K/26
1	PM092501	P060062	Permanent Marker	5 Assay — Total CBD	CITED	ППК26004	21.01.2026	CNP	in eCoA_DATABASE		0.05	197-20-K/26
1	PM092501	P060062	Permanent Marker	6 Total CBN	CITED	ППК26004	21.01.2026	CNP	in eCoA_DATABASE		BLQ ᴰ	197-20-K/26
1	PM092501	P060062	Permanent Marker	7 Foreign matter	CITED	iCoA-PP_26-042	30.01.2026	PP	planned, NOT ISSUED (2026-05-15)	YES — the certificate has not been issued	Conforms	
1	PM092501	P060062	Permanent Marker	8 Loss on drying	CITED	ППК26004	21.01.2026	CNP	in eCoA_DATABASE		7.97	
1	PM092501	P060062	Permanent Marker	9 Microbiological purity	CITED	6-0009-26	20.01.2026	IJZ-MB	in eCoA_DATABASE		2×10³; 2.2×10³; <10; Одговара; Одговара	
1	PM092501	P060062	Permanent Marker	10 Mycotoxins	CITED	83-2026	02.02.2026	IJZ	in eCoA_DATABASE		n.r.; <2; n.r.	197-20-M/26
1	PM092501	P060062	Permanent Marker	11 Heavy metals	CITED	83-2026	02.02.2026	IJZ	in eCoA_DATABASE		0.03; Н.д.; Н.д.; Н.д.	
1	PM092501	P060062	Permanent Marker	12 Pesticide residues	CITED	83-2026	02.02.2026	IJZ	in eCoA_DATABASE		≤ LOQ (all 28 compounds)	
1	SCR012603	P060382	Scrambler	1 Identification A — appearance	CITED	iCoA-PP_26-069	25.05.2026	PP	planned, NOT ISSUED (2026-06-01)	YES — the certificate has not been issued	Conforms	
1	SCR012603	P060382	Scrambler	2 Identification B — microscopy	CITED	iCoA-PP_26-069	25.05.2026	PP	planned, NOT ISSUED (2026-06-01)	YES — the certificate has not been issued	Conforms	
1	SCR012603	P060382	Scrambler	3 Identification C — HPLC	CITED	197-21-K-26	07.08.2026	FHM-K	in eCoA_DATABASE		identity by the HPLC cannabinoid profile on this certificate	
1	SCR012603	P060382	Scrambler	4 Assay — Total Δ⁹-THC	CITED	197-21-K-26	07.08.2026	FHM-K	in eCoA_DATABASE		17.84 %w/w	
1	SCR012603	P060382	Scrambler	5 Assay — Total CBD	CITED	197-21-K-26	07.08.2026	FHM-K	in eCoA_DATABASE		< LOQ %w/w	
1	SCR012603	P060382	Scrambler	6 Total CBN	CITED	197-21-K-26	07.08.2026	FHM-K	in eCoA_DATABASE		< LOQ %w/w	
1	SCR012603	P060382	Scrambler	7 Foreign matter	CITED	iCoA-PP_26-069	25.05.2026	PP	planned, NOT ISSUED (2026-06-01)	YES — the certificate has not been issued	Conforms	
1	SCR012603	P060382	Scrambler	8 Loss on drying	NOTHING ON FILE	—	—	—	no document anywhere		—	
1	SCR012603	P060382	Scrambler	9 Microbiological purity	READ IN THIS PASS	364/0694/26	01.06.2026	IJZ-MB	in eCoA_DATABASE		5,4 x 10⁴ CFU/g CFU/g; 1,8 x 10⁴ CFU/g CFU/g; < 10 CFU/g CFU/g; Отсутна /g; Отсутна /25 g	
1	SCR012603	P060382	Scrambler	10 Mycotoxins	CITED	197-21-M-26	10.08.2026	FHM-M	in eCoA_DATABASE		ND µg/kg; ND µg/kg; ND µg/kg; ND µg/kg; ND µg/kg	
1	SCR012603	P060382	Scrambler	11 Heavy metals	NOTHING ON FILE	—	—	—	no document anywhere		—	
1	SCR012603	P060382	Scrambler	12 Pesticide residues	NOTHING ON FILE	—	—	—	no document anywhere		—	
2	ACC102501	P060122	Amnesia Core Cut	1 Identification A — appearance	NOTHING ON FILE	—	—	—	no document anywhere		—	
2	ACC102501	P060122	Amnesia Core Cut	2 Identification B — microscopy	NOTHING ON FILE	—	—	—	no document anywhere		—	
2	ACC102501	P060122	Amnesia Core Cut	3 Identification C — HPLC	READ IN THIS PASS	031-5-K/26	10.02.2026	FHM	in eCoA_DATABASE		identity by the HPLC cannabinoid profile on this certificate	220-1-K/26
2	ACC102501	P060122	Amnesia Core Cut	4 Assay — Total Δ⁹-THC	READ IN THIS PASS	031-5-K/26	10.02.2026	FHM	in eCoA_DATABASE		12.91 %w/w; 0.79 %; 12.91 %w/w; 0.79 %	220-1-K/26
2	ACC102501	P060122	Amnesia Core Cut	5 Assay — Total CBD	READ IN THIS PASS	031-5-K/26	10.02.2026	FHM	in eCoA_DATABASE		<LOQ** %w/w; <LOQ** %w/w	220-1-K/26
2	ACC102501	P060122	Amnesia Core Cut	6 Total CBN	READ IN THIS PASS	031-5-K/26	10.02.2026	FHM	in eCoA_DATABASE		<LOQ** %w/w; <LOQ** %w/w	220-1-K/26
2	ACC102501	P060122	Amnesia Core Cut	7 Foreign matter	NOTHING ON FILE	—	—	—	no document anywhere		—	
2	ACC102501	P060122	Amnesia Core Cut	8 Loss on drying	READ IN THIS PASS	031-5-LoD/26	12.02.2026	FHM	in eCoA_DATABASE		7,1 %	
2	ACC102501	P060122	Amnesia Core Cut	9 Microbiological purity	READ IN THIS PASS	77/0120/26	09.02.2026	IJZ-MB	in eCoA_DATABASE		1 x 10³ CFU/g CFU/g; 1,6 x 10³ CFU/g CFU/g; < 10 CFU/g CFU/g; Одговара; Одговара	
2	ACC102501	P060122	Amnesia Core Cut	10 Mycotoxins	READ IN THIS PASS	326/2026	11.02.2026	IJZ	in eCoA_DATABASE		2,3 µg/kg	
2	ACC102501	P060122	Amnesia Core Cut	11 Heavy metals	READ IN THIS PASS	326/2026	11.02.2026	IJZ	in eCoA_DATABASE		0,078 mg/kg(l); н.д. mg/kg(l); 0,022 mg/kg(l); н.д. mg/kg(l)	
2	ACC102501	P060122	Amnesia Core Cut	12 Pesticide residues	READ IN THIS PASS	326/2026	11.02.2026	IJZ	in eCoA_DATABASE		н.д. mg/kg; н.д. mg/kg; н.д. mg/kg; н.д. mg/kg; н.д. mg/kg; н.д. mg/kg; н.д. mg/kg; н.д. mg/kg; н.д. mg/kg; н.д. mg/kg; н.д. mg/kg; н.д. mg/kg; н.д. mg/Kg; н.д. mg/kg; н.д. mg/kg; н.д. mg/kg; н.д. mg/kg; н.д. mg/kg; н.д. mg/kg; н.д. mg/kg; н.д. mg/kg; н.д. mg/kg; н.д. mg/kg; н.д. mg/kg; н.д. mg/kg;	
2	BSS052501	P050192	Blue Sunset Sherbet	1 Identification A — appearance	CITED	iCoA-PP_26-025	10.10.2025	PP	planned, NOT ISSUED (2026-05-15)	YES — the certificate has not been issued	Conforms	
2	BSS052501	P050192	Blue Sunset Sherbet	2 Identification B — microscopy	CITED	iCoA-PP_26-025	10.10.2025	PP	planned, NOT ISSUED (2026-05-15)	YES — the certificate has not been issued	Conforms	
2	BSS052501	P050192	Blue Sunset Sherbet	3 Identification C — HPLC	CITED	NGP-QCG-SOP-024 F3	28.11.2025	NGP	in eCoA_DATABASE		identity by the HPLC cannabinoid profile on this certificate	220-2-K/26
2	BSS052501	P050192	Blue Sunset Sherbet	4 Assay — Total Δ⁹-THC	CITED	NGP-QCG-SOP-024 F3	28.11.2025	NGP	in eCoA_DATABASE		20.39 % (w/w)	220-2-K/26
2	BSS052501	P050192	Blue Sunset Sherbet	5 Assay — Total CBD	CITED	NGP-QCG-SOP-024 F3	28.11.2025	NGP	in eCoA_DATABASE		0.11 % (w/w)	220-2-K/26
2	BSS052501	P050192	Blue Sunset Sherbet	6 Total CBN	CITED	NGP-QCG-SOP-024 F3	28.11.2025	NGP	in eCoA_DATABASE		0.05 % (w/w); 0.01 % (w/w); 0.96 % (w/w); 0.06 % (w/w); 22.16 % (w/w)	220-2-K/26
2	BSS052501	P050192	Blue Sunset Sherbet	7 Foreign matter	CITED	iCoA-PP_26-025	10.10.2025	PP	planned, NOT ISSUED (2026-05-15)	YES — the certificate has not been issued	Conforms	
2	BSS052501	P050192	Blue Sunset Sherbet	8 Loss on drying	READ IN THIS PASS	NGP-QCG-SOP-024 F3	28.11.2025	NGP	in eCoA_DATABASE		8.60 %	
2	BSS052501	P050192	Blue Sunset Sherbet	9 Microbiological purity	CITED	1157-2058-25	24.11.2025	IJZ-MB	in eCoA_DATABASE		200 CFU/g CFU/g; 200 CFU/g CFU/g; < 10² и >10 CFU/g CFU/g; Одговара /g; Одговара /25 g	548/1079/26
2	BSS052501	P050192	Blue Sunset Sherbet	10 Mycotoxins	CITED	276-31-M-25	04.12.2025	FHM-M	in eCoA_DATABASE		ND * μg/kg; ND * μg/kg; ND * μg/kg; ND * μg/kg; <LOQ ** μg/kg	
2	BSS052501	P050192	Blue Sunset Sherbet	11 Heavy metals	CITED	5661-2025	01.12.2025	IJZ	in eCoA_DATABASE		0,024 mg/kg; 0,004 mg/kg(l); 0,025 mg/kg(l); 0,0036 mg/kg(l)	
2	BSS052501	P050192	Blue Sunset Sherbet	12 Pesticide residues	CITED	10802_2845-2 EN	17.11.2025	DFL	in eCoA_DATABASE		≤ LOQ (0.01 mg/kg) mg/kg	10802_2845-2 MK
2	CC012603	P060372	CashCow	1 Identification A — appearance	NOTHING ON FILE	—	—	—	no document anywhere		—	
2	CC012603	P060372	CashCow	2 Identification B — microscopy	NOTHING ON FILE	—	—	—	no document anywhere		—	
2	CC012603	P060372	CashCow	3 Identification C — HPLC	READ IN THIS PASS	220-29-K/26	26.08.2026	FHM	in eCoA_DATABASE		identity by the HPLC cannabinoid profile on this certificate	
2	CC012603	P060372	CashCow	4 Assay — Total Δ⁹-THC	READ IN THIS PASS	220-29-K/26	26.08.2026	FHM	in eCoA_DATABASE		14.76 % w/w	
2	CC012603	P060372	CashCow	5 Assay — Total CBD	READ IN THIS PASS	220-29-K/26	26.08.2026	FHM	in eCoA_DATABASE		< LOQ % w/w	
2	CC012603	P060372	CashCow	6 Total CBN	READ IN THIS PASS	220-29-K/26	26.08.2026	FHM	in eCoA_DATABASE		< LOQ % w/w	
2	CC012603	P060372	CashCow	7 Foreign matter	NOTHING ON FILE	—	—	—	no document anywhere		—	
2	CC012603	P060372	CashCow	8 Loss on drying	NOTHING ON FILE	—	—	—	no document anywhere		—	
2	CC012603	P060372	CashCow	9 Microbiological purity	READ IN THIS PASS	363/0693/26	01.06.2026	IJZ-MB	in eCoA_DATABASE		2,7 x 10³ CFU/g CFU/g; 1,6 x 10⁴ CFU/g CFU/g; < 10 CFU/g CFU/g; Отсутна /g; Отсутна /25 g	
2	CC012603	P060372	CashCow	10 Mycotoxins	NOTHING ON FILE	—	—	—	no document anywhere		—	
2	CC012603	P060372	CashCow	11 Heavy metals	NOTHING ON FILE	—	—	—	no document anywhere		—	
2	CC012603	P060372	CashCow	12 Pesticide residues	NOTHING ON FILE	—	—	—	no document anywhere		—	
2	CF102501	P060132	Chem Flyer	1 Identification A — appearance	NOTHING ON FILE	—	—	—	no document anywhere		—	
2	CF102501	P060132	Chem Flyer	2 Identification B — microscopy	NOTHING ON FILE	—	—	—	no document anywhere		—	
2	CF102501	P060132	Chem Flyer	3 Identification C — HPLC	READ IN THIS PASS	031-4-K/26	10.02.2026	FHM	in eCoA_DATABASE		identity by the HPLC cannabinoid profile on this certificate	220-6-K/26
2	CF102501	P060132	Chem Flyer	4 Assay — Total Δ⁹-THC	READ IN THIS PASS	031-4-K/26	10.02.2026	FHM	in eCoA_DATABASE		9.83 %w/w; 0.60 %; 9.83 %w/w; 0.60 %	220-6-K/26
2	CF102501	P060132	Chem Flyer	5 Assay — Total CBD	READ IN THIS PASS	031-4-K/26	10.02.2026	FHM	in eCoA_DATABASE		<LOQ** %w/w; <LOQ** %w/w	220-6-K/26
2	CF102501	P060132	Chem Flyer	6 Total CBN	READ IN THIS PASS	031-4-K/26	10.02.2026	FHM	in eCoA_DATABASE		<LOQ** %w/w; <LOQ** %w/w	220-6-K/26
2	CF102501	P060132	Chem Flyer	7 Foreign matter	NOTHING ON FILE	—	—	—	no document anywhere		—	
2	CF102501	P060132	Chem Flyer	8 Loss on drying	READ IN THIS PASS	031-4-LoD/26	12.02.2026	FHM	in eCoA_DATABASE		5,6 %	
2	CF102501	P060132	Chem Flyer	9 Microbiological purity	READ IN THIS PASS	73/0116/26	09.02.2026	IJZ-MB	in eCoA_DATABASE		3,1 x 10⁴ CFU/g CFU/g; 3,9 x 10⁴ CFU/g CFU/g; < 10³ и 10² CFU/g CFU/g; Одговара; Одговара	
2	CF102501	P060132	Chem Flyer	10 Mycotoxins	READ IN THIS PASS	330/2026	11.02.2026	IJZ	in eCoA_DATABASE		2,1 µg/kg	
2	CF102501	P060132	Chem Flyer	11 Heavy metals	READ IN THIS PASS	330/2026	11.02.2026	IJZ	in eCoA_DATABASE		0,07 mg/kg(l); 0,0942 mg/kg(l); н.д. mg/kg(l); н.д. mg/kg(l)	
2	CF102501	P060132	Chem Flyer	12 Pesticide residues	READ IN THIS PASS	330/2026	11.02.2026	IJZ	in eCoA_DATABASE		н.д. mg/kg; н.д. mg/kg; н.д. mg/kg; н.д. mg/kg; н.д. mg/kg; н.д. mg/kg; н.д. mg/kg; н.д. mg/kg; н.д. mg/kg; н.д. mg/kg; н.д. mg/kg; н.д. mg/kg; н.д. mg/kg; н.д. mg/kg; н.д. mg/kg; н.д. mg/kg; н.д. mg/kg; н.д. mg/kg; н.д. mg/kg; н.д. mg/kg; н.д. mg/kg; н.д. mg/kg; н.д. mg/kg; н.д. mg/kg; н.д. mg/kg;	
2	CJ062501/1	P050222	Cap Junky	1 Identification A — appearance	CITED	iCoA-PP_26-028	24.11.2025	PP	planned, NOT ISSUED (2026-05-15)	YES — the certificate has not been issued	Conforms	
2	CJ062501/1	P050222	Cap Junky	2 Identification B — microscopy	CITED	iCoA-PP_26-028	24.11.2025	PP	planned, NOT ISSUED (2026-05-15)	YES — the certificate has not been issued	Conforms	
2	CJ062501/1	P050222	Cap Junky	3 Identification C — HPLC	CITED	ППК25321	23.10.2025	CNP	in eCoA_DATABASE		Conforms (ImB spec.)	220-3-K/26
2	CJ062501/1	P050222	Cap Junky	4 Assay — Total Δ⁹-THC	CITED	ППК25321	23.10.2025	CNP	in eCoA_DATABASE		21.51	220-3-K/26
2	CJ062501/1	P050222	Cap Junky	5 Assay — Total CBD	CITED	ППК25321	23.10.2025	CNP	in eCoA_DATABASE		0.07	220-3-K/26
2	CJ062501/1	P050222	Cap Junky	6 Total CBN	CITED	ППК25321	23.10.2025	CNP	in eCoA_DATABASE		0.02 ᴰ	220-3-K/26
2	CJ062501/1	P050222	Cap Junky	7 Foreign matter	CITED	iCoA-PP_26-028	24.11.2025	PP	planned, NOT ISSUED (2026-05-15)	YES — the certificate has not been issued	Conforms	
2	CJ062501/1	P050222	Cap Junky	8 Loss on drying	CITED	ППК25321	23.10.2025	CNP	in eCoA_DATABASE		7.77	
2	CJ062501/1	P050222	Cap Junky	9 Microbiological purity	CITED	1217-2168-25	01.12.2025	IJZ-MB	in eCoA_DATABASE		<10; 20; <10; Одговара; Одговара	535/1066/26
2	CJ062501/1	P050222	Cap Junky	10 Mycotoxins	CITED	4907-2025	24.10.2025	IJZ	in eCoA_DATABASE		n.r.; <2; n.r.	
2	CJ062501/1	P050222	Cap Junky	11 Heavy metals	CITED	4907-2025	24.10.2025	IJZ	in eCoA_DATABASE		0.037; 0.002; 0.027; 0.017	
2	CJ062501/1	P050222	Cap Junky	12 Pesticide residues	CITED	4907-2025	24.10.2025	IJZ	in eCoA_DATABASE		≤ LOQ (all 29 compounds)	
2	CJ082501/1	P060022	Cap Junky	1 Identification A — appearance	CITED	iCoA-PP_26-038	16.01.2026	PP	planned, NOT ISSUED (2026-05-15)	YES — the certificate has not been issued	Conforms	
2	CJ082501/1	P060022	Cap Junky	2 Identification B — microscopy	CITED	iCoA-PP_26-038	16.01.2026	PP	planned, NOT ISSUED (2026-05-15)	YES — the certificate has not been issued	Conforms	
2	CJ082501/1	P060022	Cap Junky	3 Identification C — HPLC	CITED	ППК26002	21.01.2026	CNP	in eCoA_DATABASE		Conforms (ImB spec.)	220-4-K/26
2	CJ082501/1	P060022	Cap Junky	4 Assay — Total Δ⁹-THC	CITED	ППК26002	21.01.2026	CNP	in eCoA_DATABASE		24.96	220-4-K/26
2	CJ082501/1	P060022	Cap Junky	5 Assay — Total CBD	CITED	ППК26002	21.01.2026	CNP	in eCoA_DATABASE		0.09	220-4-K/26
2	CJ082501/1	P060022	Cap Junky	6 Total CBN	CITED	ППК26002	21.01.2026	CNP	in eCoA_DATABASE		0.02 % ᴰ	220-4-K/26
2	CJ082501/1	P060022	Cap Junky	7 Foreign matter	CITED	iCoA-PP_26-038	16.01.2026	PP	planned, NOT ISSUED (2026-05-15)	YES — the certificate has not been issued	Conforms	
2	CJ082501/1	P060022	Cap Junky	8 Loss on drying	CITED	ППК26002	21.01.2026	CNP	in eCoA_DATABASE		7.21	
2	CJ082501/1	P060022	Cap Junky	9 Microbiological purity	CITED	8-0011-26	20.01.2026	IJZ-MB	in eCoA_DATABASE		1,5 x 10² CFU/g CFU/g; 1,3 x 10² CFU/g CFU/g; < 10 CFU/g CFU/g; Одговара /g; Одговара /25 g	
2	CJ082501/1	P060022	Cap Junky	10 Mycotoxins	CITED	81-2026	02.02.2026	IJZ	in eCoA_DATABASE		n.r.; <2; n.r.	
2	CJ082501/1	P060022	Cap Junky	11 Heavy metals	CITED	81-2026	02.02.2026	IJZ	in eCoA_DATABASE		0.075; н.д.; н.д.; н.д.	
2	CJ082501/1	P060022	Cap Junky	12 Pesticide residues	CITED	81-2026	02.02.2026	IJZ	in eCoA_DATABASE		≤ LOQ (all 26 compounds)	
2	CJ092501	P060072	Cap Junky	1 Identification A — appearance	CITED	iCoA-PP_26-043	02.02.2026	PP	planned, NOT ISSUED (2026-05-15)	YES — the certificate has not been issued	Conforms	
2	CJ092501	P060072	Cap Junky	2 Identification B — microscopy	CITED	iCoA-PP_26-043	02.02.2026	PP	planned, NOT ISSUED (2026-05-15)	YES — the certificate has not been issued	Conforms	
2	CJ092501	P060072	Cap Junky	3 Identification C — HPLC	CITED	ППК26007	21.01.2026	CNP	in eCoA_DATABASE		Conforms (ImB spec.)	220-5-K/26
2	CJ092501	P060072	Cap Junky	4 Assay — Total Δ⁹-THC	CITED	ППК26007	21.01.2026	CNP	in eCoA_DATABASE		22.30	220-5-K/26
2	CJ092501	P060072	Cap Junky	5 Assay — Total CBD	CITED	ППК26007	21.01.2026	CNP	in eCoA_DATABASE		0.10	220-5-K/26
2	CJ092501	P060072	Cap Junky	6 Total CBN	CITED	ППК26007	21.01.2026	CNP	in eCoA_DATABASE		ND ᴰ	220-5-K/26
2	CJ092501	P060072	Cap Junky	7 Foreign matter	CITED	iCoA-PP_26-043	02.02.2026	PP	planned, NOT ISSUED (2026-05-15)	YES — the certificate has not been issued	Conforms	
2	CJ092501	P060072	Cap Junky	8 Loss on drying	CITED	ППК26007	21.01.2026	CNP	in eCoA_DATABASE		7.64	
2	CJ092501	P060072	Cap Junky	9 Microbiological purity	CITED	10-0013-26	20.01.2026	IJZ-MB	in eCoA_DATABASE		<10; <10; <10; Одговара; Одговара	
2	CJ092501	P060072	Cap Junky	10 Mycotoxins	CITED	86-2026	02.02.2026	IJZ	in eCoA_DATABASE		n.r.; <2; n.r.	
2	CJ092501	P060072	Cap Junky	11 Heavy metals	CITED	86-2026	02.02.2026	IJZ	in eCoA_DATABASE		0.04; н.д.; н.д.; 0.004	
2	CJ092501	P060072	Cap Junky	12 Pesticide residues	CITED	86-2026	02.02.2026	IJZ	in eCoA_DATABASE		≤ LOQ (all 29 compounds)	
2	CLE072501	P050282	Clemosa	1 Identification A — appearance	CITED	iCoA-PP_26-032	03.12.2025	PP	planned, NOT ISSUED (2026-05-15)	YES — the certificate has not been issued	Conforms	
2	CLE072501	P050282	Clemosa	2 Identification B — microscopy	CITED	iCoA-PP_26-032	03.12.2025	PP	planned, NOT ISSUED (2026-05-15)	YES — the certificate has not been issued	Conforms	
2	CLE072501	P050282	Clemosa	3 Identification C — HPLC	CITED	ППК25370	28.11.2025	CNP	in eCoA_DATABASE		Conforms (ImB spec.)	220-7-K/26
2	CLE072501	P050282	Clemosa	4 Assay — Total Δ⁹-THC	CITED	ППК25370	28.11.2025	CNP	in eCoA_DATABASE		8.02	220-7-K/26
2	CLE072501	P050282	Clemosa	5 Assay — Total CBD	CITED	ППК25370	28.11.2025	CNP	in eCoA_DATABASE		0.04	220-7-K/26
2	CLE072501	P050282	Clemosa	6 Total CBN	CITED	ППК25370	28.11.2025	CNP	in eCoA_DATABASE		BLQ ᴰ	220-7-K/26
2	CLE072501	P050282	Clemosa	7 Foreign matter	CITED	iCoA-PP_26-032	03.12.2025	PP	planned, NOT ISSUED (2026-05-15)	YES — the certificate has not been issued	Conforms	
2	CLE072501	P050282	Clemosa	8 Loss on drying	CITED	ППК25370	28.11.2025	CNP	in eCoA_DATABASE		9.68	
2	CLE072501	P050282	Clemosa	9 Microbiological purity	CITED	1219-2170-25	01.12.2025	IJZ-MB	in eCoA_DATABASE		<10; <10; <10; Одговара; Одговара	
2	CLE072501	P050282	Clemosa	10 Mycotoxins	CITED	5700-2025	02.12.2025	IJZ	in eCoA_DATABASE		n.r.; 2.2; n.r.	
2	CLE072501	P050282	Clemosa	11 Heavy metals	CITED	5700-2025	02.12.2025	IJZ	in eCoA_DATABASE		0.032; 0.002; 0.013; 0.021	
2	CLE072501	P050282	Clemosa	12 Pesticide residues	CITED	5700-2025	02.12.2025	IJZ	in eCoA_DATABASE		≤ LOQ (all 27 compounds)	
2	FB012601/1	P060322	Fat Bastard	1 Identification A — appearance	CITED	iCoA-PP_26-066	22.05.2026	PP	planned, NOT ISSUED (2026-05-27)	YES — the certificate has not been issued	Conforms	
2	FB012601/1	P060322	Fat Bastard	2 Identification B — microscopy	CITED	iCoA-PP_26-066	22.05.2026	PP	planned, NOT ISSUED (2026-05-27)	YES — the certificate has not been issued	Conforms	
2	FB012601/1	P060322	Fat Bastard	3 Identification C — HPLC	CITED	ППК26067	11.05.2026	CNP	in eCoA_DATABASE		identity by the HPLC cannabinoid profile on this certificate	220-8-K/26
2	FB012601/1	P060322	Fat Bastard	4 Assay — Total Δ⁹-THC	CITED	ППК26067	11.05.2026	CNP	in eCoA_DATABASE		0.56 % %; 16.10 % %; 14.68 % %	220-8-K/26
2	FB012601/1	P060322	Fat Bastard	5 Assay — Total CBD	CITED	ППК26067	11.05.2026	CNP	in eCoA_DATABASE		0.04 % %; BLQ %; 0.04 % %	220-8-K/26
2	FB012601/1	P060322	Fat Bastard	6 Total CBN	CITED	ППК26067	11.05.2026	CNP	in eCoA_DATABASE		BLQ %	220-8-K/26
2	FB012601/1	P060322	Fat Bastard	7 Foreign matter	CITED	iCoA-PP_26-066	22.05.2026	PP	planned, NOT ISSUED (2026-05-27)	YES — the certificate has not been issued	Conforms	
2	FB012601/1	P060322	Fat Bastard	8 Loss on drying	CITED	ППК26067	11.05.2026	CNP	in eCoA_DATABASE		7.67 % %	
2	FB012601/1	P060322	Fat Bastard	9 Microbiological purity	CITED	308-0552-26	28.04.2026	IJZ-MB	in eCoA_DATABASE		2 x 10³ CFU/g CFU/g; 2,1 x 10³ CFU/g CFU/g; < 10 CFU/g CFU/g; Отсутна/g; Отсутна/25 g	
2	FB012601/1	P060322	Fat Bastard	10 Mycotoxins	CITED	2362-2026	30.04.2026	IJZ	in eCoA_DATABASE		< 2 µg/kg	
2	FB012601/1	P060322	Fat Bastard	11 Heavy metals	CITED	2362-2026	30.04.2026	IJZ	in eCoA_DATABASE		0,0114 mg/kg; 0,017 mg/kg(l); 0,0144 mg/kg(l); 0,0155 mg/kg(l)	
2	FB012601/1	P060322	Fat Bastard	12 Pesticide residues	CITED	2362-2026	30.04.2026	IJZ	in eCoA_DATABASE		н.д. mg/kg; н.д. mg/kg; н.д. mg/kg; н.д. mg/kg; н.д. mg/kg; н.д. mg/kg; н.д. mg/kg; н.д. mg/kg; н.д. mg/kg; н.д. mg/kg; н.д. mg/kg; н.д. mg/kg; н.д. mg/kg; н.д. mg/Kg; н.д. mg/kg; н.д. mg/kg; н.д. mg/kg; н.д. mg/kg; н.д. mg/kg; н.д. mg/kg; н.д. mg/kg; н.д. mg/kg; н.д. mg/kg; н.д. mg/kg; н.д. mg/kg;	
2	GG1024	—	Gorilla Glue	1 Identification A — appearance	CITED	iCoA-PP_26-004	11.03.2025	PP	planned, NOT ISSUED (2026-05-15)	YES — the certificate has not been issued	Conforms	
2	GG1024	—	Gorilla Glue	2 Identification B — microscopy	CITED	iCoA-PP_26-004	11.03.2025	PP	planned, NOT ISSUED (2026-05-15)	YES — the certificate has not been issued	Conforms	
2	GG1024	—	Gorilla Glue	3 Identification C — HPLC	READ IN THIS PASS	220-9-K/26	25.08.2026	FHM	in eCoA_DATABASE		identity by the HPLC cannabinoid profile on this certificate	ППК25008
2	GG1024	—	Gorilla Glue	4 Assay — Total Δ⁹-THC	READ IN THIS PASS	220-9-K/26	25.08.2026	FHM	in eCoA_DATABASE		15.51 % w/w	ППК25008
2	GG1024	—	Gorilla Glue	5 Assay — Total CBD	READ IN THIS PASS	220-9-K/26	25.08.2026	FHM	in eCoA_DATABASE		< LOQ % w/w	ППК25008
2	GG1024	—	Gorilla Glue	6 Total CBN	READ IN THIS PASS	220-9-K/26	25.08.2026	FHM	in eCoA_DATABASE		< LOQ % w/w	ППК25008
2	GG1024	—	Gorilla Glue	7 Foreign matter	CITED	iCoA-PP_26-004	11.03.2025	PP	planned, NOT ISSUED (2026-05-15)	YES — the certificate has not been issued	Confirms	
2	GG1024	—	Gorilla Glue	8 Loss on drying	READ IN THIS PASS	ППК25008	29.01.2025	CNP	in eCoA_DATABASE		76.07 %	
2	GG1024	—	Gorilla Glue	9 Microbiological purity	READ IN THIS PASS	166/0274/25	24.02.2025	IJZ-MB	in eCoA_DATABASE		1,1 x 10⁴ CFU/g; < 10 CFU/g; < 10² и > 10 CFU/g; Одговара; Одговара	
2	GG1024	—	Gorilla Glue	10 Mycotoxins	READ IN THIS PASS	748/2025	04.03.2025	IJZ	in eCoA_DATABASE		< 2 µg/kg	
2	GG1024	—	Gorilla Glue	11 Heavy metals	READ IN THIS PASS	748/2025	04.03.2025	IJZ	in eCoA_DATABASE		0,052 mg/kg; 0,016 mg/kg(l); 0,04 mg/kg(l); 0,004 mg/kg(l)	
2	GG1024	—	Gorilla Glue	12 Pesticide residues	READ IN THIS PASS	748/2025	04.03.2025	IJZ	in eCoA_DATABASE		н.д. mg/Kg; н.д. mg/Kg; н.д. mg/kg; н.д. mg/kg(l); н.д. mg/kg(l); н.д. mg/kg(l); н.д. mg/kg(l); н.д. mg/kg(l); н.д. mg/kg(l); н.д. mg/kg(l); н.д. mg/kg(l); н.д. mg/kg(l); н.д. mg/kg(l); н.д. mg/kg(l); н.д. mg/kg(l); н.д. mg/kg; н.д. mg/kg; н.д. mg/kg; н.д. mg/kg; н.д. mg/kg; н.д. mg/kg; н.д. mg/kg;	
2	GP072501/2	P050302	Grape Pie	1 Identification A — appearance	CITED	iCoA-PP_26-034	22.12.2025	PP	planned, NOT ISSUED (2026-05-15)	YES — the certificate has not been issued	Conforms	
2	GP072501/2	P050302	Grape Pie	2 Identification B — microscopy	CITED	iCoA-PP_26-034	22.12.2025	PP	planned, NOT ISSUED (2026-05-15)	YES — the certificate has not been issued	Conforms	
2	GP072501/2	P050302	Grape Pie	3 Identification C — HPLC	CITED	ППК25379	12.12.2025	CNP	in eCoA_DATABASE		Conforms (ImB spec.)	220-10-K/26
2	GP072501/2	P050302	Grape Pie	4 Assay — Total Δ⁹-THC	CITED	ППК25379	12.12.2025	CNP	in eCoA_DATABASE		19.81	220-10-K/26
2	GP072501/2	P050302	Grape Pie	5 Assay — Total CBD	CITED	ППК25379	12.12.2025	CNP	in eCoA_DATABASE		0.10	220-10-K/26
2	GP072501/2	P050302	Grape Pie	6 Total CBN	CITED	ППК25379	12.12.2025	CNP	in eCoA_DATABASE		0.03 % ᴰ	220-10-K/26
2	GP072501/2	P050302	Grape Pie	7 Foreign matter	CITED	iCoA-PP_26-034	22.12.2025	PP	planned, NOT ISSUED (2026-05-15)	YES — the certificate has not been issued	Conforms	
2	GP072501/2	P050302	Grape Pie	8 Loss on drying	CITED	ППК25379	12.12.2025	CNP	in eCoA_DATABASE		7.41	
2	GP072501/2	P050302	Grape Pie	9 Microbiological purity	CITED	1229-2195-25	05.12.2025	IJZ-MB	in eCoA_DATABASE		2 x 10² CFU/g CFU/g; 3 x 10² CFU/g CFU/g; < 10 CFU/g CFU/g; Одговара /g; Одговара /25 g	
2	GP072501/2	P050302	Grape Pie	10 Mycotoxins	CITED	5887-2025	12.12.2025	IJZ	in eCoA_DATABASE		n.r.; <2; n.r.	
2	GP072501/2	P050302	Grape Pie	11 Heavy metals	CITED	5887-2025	12.12.2025	IJZ	in eCoA_DATABASE		0.017; 0.0028; 0.02; 0.019	
2	GP072501/2	P050302	Grape Pie	12 Pesticide residues	CITED	5887-2025	12.12.2025	IJZ	in eCoA_DATABASE		≤ LOQ (all 29 compounds)	
2	GP0824_03	P050072	Grape Pie	1 Identification A — appearance	CITED	iCoA-PP_26-013	14.07.2025	PP	planned, NOT ISSUED (2026-05-15)	YES — the certificate has not been issued	Conforms	
2	GP0824_03	P050072	Grape Pie	2 Identification B — microscopy	CITED	iCoA-PP_26-013	14.07.2025	PP	planned, NOT ISSUED (2026-05-15)	YES — the certificate has not been issued	Conforms	
2	GP0824_03	P050072	Grape Pie	3 Identification C — HPLC	CITED	ППК25175	10.07.2025	CNP	in eCoA_DATABASE		Conforms (ImB spec.)	220-11-K/26
2	GP0824_03	P050072	Grape Pie	4 Assay — Total Δ⁹-THC	CITED	ППК25175	10.07.2025	CNP	in eCoA_DATABASE		25.45	220-11-K/26
2	GP0824_03	P050072	Grape Pie	5 Assay — Total CBD	CITED	ППК25175	10.07.2025	CNP	in eCoA_DATABASE		0.08	220-11-K/26
2	GP0824_03	P050072	Grape Pie	6 Total CBN	CITED	ППК25175	10.07.2025	CNP	in eCoA_DATABASE		BLQ ᴰ	220-11-K/26
2	GP0824_03	P050072	Grape Pie	7 Foreign matter	CITED	iCoA-PP_26-013	14.07.2025	PP	planned, NOT ISSUED (2026-05-15)	YES — the certificate has not been issued	Conforms	
2	GP0824_03	P050072	Grape Pie	8 Loss on drying	CITED	ППК25175	10.07.2025	CNP	in eCoA_DATABASE		6.58	
2	GP0824_03	P050072	Grape Pie	9 Microbiological purity	CITED	628-1129-25	02.07.2025	IJZ-MB	in eCoA_DATABASE		1.1 x 10⁴; 1.2 x 10⁴; <10⁴ и >10³; Одговара; Одговара	
2	GP0824_03	P050072	Grape Pie	10 Mycotoxins	CITED	3178-2025	26.06.2025	IJZ	in eCoA_DATABASE		n.r.; <2; n.r.	
2	GP0824_03	P050072	Grape Pie	11 Heavy metals	CITED	3178-2025	26.06.2025	IJZ	in eCoA_DATABASE		н.д.; н.д.; 0.119; н.д.	
2	GP0824_03	P050072	Grape Pie	12 Pesticide residues	CITED	3178-2025	26.06.2025	IJZ	in eCoA_DATABASE		≤ LOQ (all 29 compounds)	
2	GP082501/1	P050312	Grape Pie	1 Identification A — appearance	CITED	iCoA-PP_26-035	23.12.2025	PP	planned, NOT ISSUED (2026-05-15)	YES — the certificate has not been issued	Conforms	
2	GP082501/1	P050312	Grape Pie	2 Identification B — microscopy	CITED	iCoA-PP_26-035	23.12.2025	PP	planned, NOT ISSUED (2026-05-15)	YES — the certificate has not been issued	Conforms	
2	GP082501/1	P050312	Grape Pie	3 Identification C — HPLC	CITED	ППК25380	12.12.2025	CNP	in eCoA_DATABASE		Conforms (ImB spec.)	220-12-K/26
2	GP082501/1	P050312	Grape Pie	4 Assay — Total Δ⁹-THC	CITED	ППК25380	12.12.2025	CNP	in eCoA_DATABASE		21.29	220-12-K/26
2	GP082501/1	P050312	Grape Pie	5 Assay — Total CBD	CITED	ППК25380	12.12.2025	CNP	in eCoA_DATABASE		0.08	220-12-K/26
2	GP082501/1	P050312	Grape Pie	6 Total CBN	CITED	ППК25380	12.12.2025	CNP	in eCoA_DATABASE		0.03 % ᴰ	220-12-K/26
2	GP082501/1	P050312	Grape Pie	7 Foreign matter	CITED	iCoA-PP_26-035	23.12.2025	PP	planned, NOT ISSUED (2026-05-15)	YES — the certificate has not been issued	Conforms	
2	GP082501/1	P050312	Grape Pie	8 Loss on drying	CITED	ППК25380	12.12.2025	CNP	in eCoA_DATABASE		6.29	
2	GP082501/1	P050312	Grape Pie	9 Microbiological purity	CITED	1226-2192-25	05.12.2025	IJZ-MB	in eCoA_DATABASE		4,3 x 10² CFU/g CFU/g; 1 x 10³ CFU/g CFU/g; < 10³ и > 10² CFU/g CFU/g; Одговара /g; Одговара /25 g	
2	GP082501/1	P050312	Grape Pie	10 Mycotoxins	CITED	5888-2025	12.12.2025	IJZ	in eCoA_DATABASE		n.r.; <2; n.r.	
2	GP082501/1	P050312	Grape Pie	11 Heavy metals	CITED	5888-2025	12.12.2025	IJZ	in eCoA_DATABASE		0.014; 0.003; 0.02; 0.017	
2	GP082501/1	P050312	Grape Pie	12 Pesticide residues	CITED	5888-2025	12.12.2025	IJZ	in eCoA_DATABASE		≤ LOQ (all 28 compounds)	
2	GP092501	P060092	Grape Pie	1 Identification A — appearance	CITED	iCoA-PP_26-045	03.02.2026	PP	planned, NOT ISSUED (2026-05-15)	YES — the certificate has not been issued	Conforms	
2	GP092501	P060092	Grape Pie	2 Identification B — microscopy	CITED	iCoA-PP_26-045	03.02.2026	PP	planned, NOT ISSUED (2026-05-15)	YES — the certificate has not been issued	Conforms	
2	GP092501	P060092	Grape Pie	3 Identification C — HPLC	CITED	ППК26009	21.01.2026	CNP	in eCoA_DATABASE		Conforms (ImB spec.)	220-13-K/26
2	GP092501	P060092	Grape Pie	4 Assay — Total Δ⁹-THC	CITED	ППК26009	21.01.2026	CNP	in eCoA_DATABASE		25.73	220-13-K/26
2	GP092501	P060092	Grape Pie	5 Assay — Total CBD	CITED	ППК26009	21.01.2026	CNP	in eCoA_DATABASE		0.11	220-13-K/26
2	GP092501	P060092	Grape Pie	6 Total CBN	CITED	ППК26009	21.01.2026	CNP	in eCoA_DATABASE		0.02 % ᴰ	220-13-K/26
2	GP092501	P060092	Grape Pie	7 Foreign matter	CITED	iCoA-PP_26-045	03.02.2026	PP	planned, NOT ISSUED (2026-05-15)	YES — the certificate has not been issued	Conforms	
2	GP092501	P060092	Grape Pie	8 Loss on drying	CITED	ППК26009	21.01.2026	CNP	in eCoA_DATABASE		6.91	
2	GP092501	P060092	Grape Pie	9 Microbiological purity	CITED	5-0008-26	20.01.2026	IJZ-MB	in eCoA_DATABASE		1 x 10² CFU/g CFU/g; < 10 CFU/g CFU/g; < 10² и > 10 CFU/g CFU/g; Одговара /g; Одговара /25 g	
2	GP092501	P060092	Grape Pie	10 Mycotoxins	CITED	88-2026	03.02.2026	IJZ	in eCoA_DATABASE		n.r.; <2; n.r.	
2	GP092501	P060092	Grape Pie	11 Heavy metals	CITED	88-2026	03.02.2026	IJZ	in eCoA_DATABASE		0.022; Н.д.; Н.д.; 0.007	
2	GP092501	P060092	Grape Pie	12 Pesticide residues	CITED	88-2026	03.02.2026	IJZ	in eCoA_DATABASE		≤ LOQ (all 29 compounds)	
2	GRC102501/2	P060182	Grapes and Cream	1 Identification A — appearance	NOTHING ON FILE	—	—	—	no document anywhere		—	
2	GRC102501/2	P060182	Grapes and Cream	2 Identification B — microscopy	NOTHING ON FILE	—	—	—	no document anywhere		—	
2	GRC102501/2	P060182	Grapes and Cream	3 Identification C — HPLC	READ IN THIS PASS	051-6-K/26	04.03.2026	FHM	in eCoA_DATABASE		identity by the HPLC cannabinoid profile on this certificate	220-14-K/26; 031-1-K/26
2	GRC102501/2	P060182	Grapes and Cream	4 Assay — Total Δ⁹-THC	READ IN THIS PASS	051-6-K/26	04.03.2026	FHM	in eCoA_DATABASE		11.53 %w/w	220-14-K/26; 031-1-K/26
2	GRC102501/2	P060182	Grapes and Cream	5 Assay — Total CBD	READ IN THIS PASS	051-6-K/26	04.03.2026	FHM	in eCoA_DATABASE		<LOQ** %w/w	220-14-K/26; 031-1-K/26
2	GRC102501/2	P060182	Grapes and Cream	6 Total CBN	READ IN THIS PASS	051-6-K/26	04.03.2026	FHM	in eCoA_DATABASE		<LOQ** %w/w	220-14-K/26; 031-1-K/26
2	GRC102501/2	P060182	Grapes and Cream	7 Foreign matter	NOTHING ON FILE	—	—	—	no document anywhere		—	
2	GRC102501/2	P060182	Grapes and Cream	8 Loss on drying	READ IN THIS PASS	051-6-LoD/26	02.03.2026	FHM	in eCoA_DATABASE		7,7 %	031-1-LoD/26
2	GRC102501/2	P060182	Grapes and Cream	9 Microbiological purity	READ IN THIS PASS	136/0233/26	06.03.2026	IJZ-MB	in eCoA_DATABASE		2,3 x 10² CFU/g CFU/g; 1,3 x 10² CFU/g CFU/g; < 10 CFU/g CFU/g; Одговара; Одговара	76/0119/26
2	GRC102501/2	P060182	Grapes and Cream	10 Mycotoxins	NOTHING ON FILE	—	—	—	no document anywhere		—	
2	GRC102501/2	P060182	Grapes and Cream	11 Heavy metals	READ IN THIS PASS	1060/2026	09.03.2026	IJZ	in eCoA_DATABASE		н.д. mg/kg(l); н.д. mg/kg(l); 0,0013 mg/kg(l); н.д. mg/kg(l)	328/2026
2	GRC102501/2	P060182	Grapes and Cream	12 Pesticide residues	READ IN THIS PASS	1060/2026	09.03.2026	IJZ	in eCoA_DATABASE		н.д. mg/kg; н.д. mg/kg; н.д. mg/kg; н.д. mg/kg; н.д. mg/kg; н.д. mg/kg; н.д. mg/kg; н.д. mg/kg; н.д. mg/kg; н.д. mg/kg; н.д. mg/kg; н.д. mg/kg; н.д. mg/kg; н.д. mg/Kg; н.д. mg/kg; н.д. mg/kg; н.д. mg/kg; н.д. mg/kg; н.д. mg/kg; н.д. mg/kg; н.д. mg/kg; н.д. mg/kg; н.д. mg/kg; н.д. mg/kg; н.д. mg/kg;	328/2026
2	HPA052501	P050182	High Pro Amnesia	1 Identification A — appearance	CITED	iCoA-PP_26-024	03.10.2025	PP	planned, NOT ISSUED (2026-05-15)	YES — the certificate has not been issued	Conforms	
2	HPA052501	P050182	High Pro Amnesia	2 Identification B — microscopy	CITED	iCoA-PP_26-024	03.10.2025	PP	planned, NOT ISSUED (2026-05-15)	YES — the certificate has not been issued	Conforms	
2	HPA052501	P050182	High Pro Amnesia	3 Identification C — HPLC	CITED	ППК25278	19.09.2025	CNP	in eCoA_DATABASE		Conforms (ImB spec.)	220-15-K/26
2	HPA052501	P050182	High Pro Amnesia	4 Assay — Total Δ⁹-THC	CITED	ППК25278	19.09.2025	CNP	in eCoA_DATABASE		20.39	220-15-K/26
2	HPA052501	P050182	High Pro Amnesia	5 Assay — Total CBD	CITED	ППК25278	19.09.2025	CNP	in eCoA_DATABASE		0.09	220-15-K/26
2	HPA052501	P050182	High Pro Amnesia	6 Total CBN	CITED	ППК25278	19.09.2025	CNP	in eCoA_DATABASE		0.02 ᴰ	220-15-K/26
2	HPA052501	P050182	High Pro Amnesia	7 Foreign matter	CITED	iCoA-PP_26-024	03.10.2025	PP	planned, NOT ISSUED (2026-05-15)	YES — the certificate has not been issued	Conforms	
2	HPA052501	P050182	High Pro Amnesia	8 Loss on drying	CITED	ППК25278	19.09.2025	CNP	in eCoA_DATABASE		7.29	
2	HPA052501	P050182	High Pro Amnesia	9 Microbiological purity	CITED	948-1686-25	17.09.2025	IJZ-MB	in eCoA_DATABASE		2,7 x 10⁴ CFU/g CFU/g; 2,6 x 10⁴ CFU/g CFU/g; < 10 CFU/g CFU/g; Одговара /g; Одговара /25 g	
2	HPA052501	P050182	High Pro Amnesia	10 Mycotoxins	CITED	4352-2025	15.09.2025	IJZ	in eCoA_DATABASE		n.r.; <2; n.r.	
2	HPA052501	P050182	High Pro Amnesia	11 Heavy metals	CITED	4352-2025	15.09.2025	IJZ	in eCoA_DATABASE		0.034; н.д.; н.д.; н.д.	
2	HPA052501	P050182	High Pro Amnesia	12 Pesticide residues	CITED	4352-2025	15.09.2025	IJZ	in eCoA_DATABASE		≤ LOQ (all 24 compounds)	
2	JD012603/01	P060362	Jelly Donuts	1 Identification A — appearance	NOTHING ON FILE	—	—	—	no document anywhere		—	
2	JD012603/01	P060362	Jelly Donuts	2 Identification B — microscopy	NOTHING ON FILE	—	—	—	no document anywhere		—	
2	JD012603/01	P060362	Jelly Donuts	3 Identification C — HPLC	READ IN THIS PASS	220-16-K/26	25.08.2026	FHM	in eCoA_DATABASE		identity by the HPLC cannabinoid profile on this certificate	
2	JD012603/01	P060362	Jelly Donuts	4 Assay — Total Δ⁹-THC	READ IN THIS PASS	220-16-K/26	25.08.2026	FHM	in eCoA_DATABASE		21.01 % w/w	
2	JD012603/01	P060362	Jelly Donuts	5 Assay — Total CBD	READ IN THIS PASS	220-16-K/26	25.08.2026	FHM	in eCoA_DATABASE		< LOQ % w/w	
2	JD012603/01	P060362	Jelly Donuts	6 Total CBN	READ IN THIS PASS	220-16-K/26	25.08.2026	FHM	in eCoA_DATABASE		< LOQ % w/w	
2	JD012603/01	P060362	Jelly Donuts	7 Foreign matter	NOTHING ON FILE	—	—	—	no document anywhere		—	
2	JD012603/01	P060362	Jelly Donuts	8 Loss on drying	NOTHING ON FILE	—	—	—	no document anywhere		—	
2	JD012603/01	P060362	Jelly Donuts	9 Microbiological purity	READ IN THIS PASS	365/0695/26	01.06.2026	IJZ-MB	in eCoA_DATABASE		2 x 10² CFU/g CFU/g; 1 x 10² CFU/g CFU/g; < 10 CFU/g CFU/g; Отсутна /g; Отсутна /25 g	
2	JD012603/01	P060362	Jelly Donuts	10 Mycotoxins	NOTHING ON FILE	—	—	—	no document anywhere		—	
2	JD012603/01	P060362	Jelly Donuts	11 Heavy metals	NOTHING ON FILE	—	—	—	no document anywhere		—	
2	JD012603/01	P060362	Jelly Donuts	12 Pesticide residues	NOTHING ON FILE	—	—	—	no document anywhere		—	
2	JD012603/02	P060412	Jelly Donuts	1 Identification A — appearance	READ IN THIS PASS	ППК26113	30.06.2026	CNP	in eCoA_DATABASE		Одговара; Одговара	
2	JD012603/02	P060412	Jelly Donuts	2 Identification B — microscopy	READ IN THIS PASS	ППК26113	30.06.2026	CNP	in eCoA_DATABASE		Одговара; Одговара	
2	JD012603/02	P060412	Jelly Donuts	3 Identification C — HPLC	READ IN THIS PASS	220-17-K/26	26.08.2026	FHM	in eCoA_DATABASE		identity by the HPLC cannabinoid profile on this certificate	ППК26113
2	JD012603/02	P060412	Jelly Donuts	4 Assay — Total Δ⁹-THC	READ IN THIS PASS	220-17-K/26	26.08.2026	FHM	in eCoA_DATABASE		14.43 % w/w	ППК26113
2	JD012603/02	P060412	Jelly Donuts	5 Assay — Total CBD	READ IN THIS PASS	220-17-K/26	26.08.2026	FHM	in eCoA_DATABASE		< LOQ % w/w	ППК26113
2	JD012603/02	P060412	Jelly Donuts	6 Total CBN	READ IN THIS PASS	220-17-K/26	26.08.2026	FHM	in eCoA_DATABASE		< LOQ % w/w	ППК26113
2	JD012603/02	P060412	Jelly Donuts	7 Foreign matter	READ IN THIS PASS	ППК26113	30.06.2026	CNP	in eCoA_DATABASE		/ (Одговара) %; / (Одговара) %	
2	JD012603/02	P060412	Jelly Donuts	8 Loss on drying	READ IN THIS PASS	ППК26113	30.06.2026	CNP	in eCoA_DATABASE		7.52% %; 7.52 % %	
2	JD012603/02	P060412	Jelly Donuts	9 Microbiological purity	READ IN THIS PASS	405/0788/26	24.06.2026	IJZ-MB	in eCoA_DATABASE		6,3 x 10³ CFU/g CFU/g; 4,4 x 10³ CFU/g CFU/g; < 10 CFU/g CFU/g; Отсутна /g; Отсутна /25 g	
2	JD012603/02	P060412	Jelly Donuts	10 Mycotoxins	READ IN THIS PASS	3660/2026	22.06.2026	IJZ	in eCoA_DATABASE		< 2 µg/kg	
2	JD012603/02	P060412	Jelly Donuts	11 Heavy metals	READ IN THIS PASS	3660/2026	22.06.2026	IJZ	in eCoA_DATABASE		0,085 mg/kg; 0,044 mg/kg(l); 0,042 mg/kg(l); 0,042 mg/kg(l)	
2	JD012603/02	P060412	Jelly Donuts	12 Pesticide residues	READ IN THIS PASS	3660/2026	22.06.2026	IJZ	in eCoA_DATABASE		< 0,01 mg/kg; < 0,01 mg/kg; < 0,01 mg/kg; < 0,01 mg/kg; < 0,01 mg/kg; < 0,01 mg/kg; < 0,01 mg/kg; < 0,01 mg/kg; < 0,01 mg/kg; < 0,01 mg/kg; < 0,01 mg/kg; < 0,01 mg/kg; < 0,01 mg/kg; < 0,01 mg/kg; < 0,01 mg/kg; < 0,01 mg/kg; < 0,01 mg/kg; < 0,01 mg/kg; < 0,01 mg/kg; < 0,01 mg/kg; < 0,01 mg/kg; < 0,01	
2	JD012603/02V	P060422	Jelly Donuts	1 Identification A — appearance	READ IN THIS PASS	ППК26111	30.06.2026	CNP	in eCoA_DATABASE		Одговара; Одговара	
2	JD012603/02V	P060422	Jelly Donuts	2 Identification B — microscopy	READ IN THIS PASS	ППК26111	30.06.2026	CNP	in eCoA_DATABASE		Одговара; Одговара	
2	JD012603/02V	P060422	Jelly Donuts	3 Identification C — HPLC	READ IN THIS PASS	220-18-K/26	26.08.2026	FHM	in eCoA_DATABASE		identity by the HPLC cannabinoid profile on this certificate	ППК26111
2	JD012603/02V	P060422	Jelly Donuts	4 Assay — Total Δ⁹-THC	READ IN THIS PASS	220-18-K/26	26.08.2026	FHM	in eCoA_DATABASE		17.09 % w/w	ППК26111
2	JD012603/02V	P060422	Jelly Donuts	5 Assay — Total CBD	READ IN THIS PASS	220-18-K/26	26.08.2026	FHM	in eCoA_DATABASE		< LOQ % w/w	ППК26111
2	JD012603/02V	P060422	Jelly Donuts	6 Total CBN	READ IN THIS PASS	220-18-K/26	26.08.2026	FHM	in eCoA_DATABASE		< LOQ % w/w	ППК26111
2	JD012603/02V	P060422	Jelly Donuts	7 Foreign matter	READ IN THIS PASS	ППК26111	30.06.2026	CNP	in eCoA_DATABASE		/ (Одговара) %; / (Одговара) %	
2	JD012603/02V	P060422	Jelly Donuts	8 Loss on drying	READ IN THIS PASS	ППК26111	30.06.2026	CNP	in eCoA_DATABASE		7.04 % %; 7.04 % %	
2	JD012603/02V	P060422	Jelly Donuts	9 Microbiological purity	READ IN THIS PASS	406/0789/26	24.06.2026	IJZ-MB	in eCoA_DATABASE		5,1 x 10³ CFU/g CFU/g; 4,7 x 10³ CFU/g CFU/g; < 10 CFU/g CFU/g; Отсутна /g; Отсутна /25 g	
2	JD012603/02V	P060422	Jelly Donuts	10 Mycotoxins	READ IN THIS PASS	3662/2026	22.06.2026	IJZ	in eCoA_DATABASE		< 2 µg/kg	
2	JD012603/02V	P060422	Jelly Donuts	11 Heavy metals	READ IN THIS PASS	3662/2026	22.06.2026	IJZ	in eCoA_DATABASE		0,06 mg/kg; 0,03 mg/kg(l); 0,045 mg/kg(l); 0,013 mg/kg(l)	
2	JD012603/02V	P060422	Jelly Donuts	12 Pesticide residues	READ IN THIS PASS	3662/2026	22.06.2026	IJZ	in eCoA_DATABASE		< 0,01 mg/kg; < 0,01 mg/kg; < 0,01 mg/kg; < 0,01 mg/kg; < 0,01 mg/kg; < 0,01 mg/kg; < 0,01 mg/kg; < 0,01 mg/kg; < 0,01 mg/kg; < 0,01 mg/kg; < 0,01 mg/kg; < 0,01 mg/kg; < 0,01 mg/kg; < 0,01 mg/kg; < 0,01 mg/kg; < 0,01 mg/kg; < 0,01 mg/kg; < 0,01 mg/kg; < 0,01 mg/kg; < 0,01 mg/kg; < 0,01 mg/kg; < 0,01	
2	KC102501	P060172	Kush Crasher	1 Identification A — appearance	CITED	iCoA-PP_26-050	12.03.2026	PP	planned, NOT ISSUED (2026-05-15)	YES — the certificate has not been issued	Conforms	
2	KC102501	P060172	Kush Crasher	2 Identification B — microscopy	CITED	iCoA-PP_26-050	12.03.2026	PP	planned, NOT ISSUED (2026-05-15)	YES — the certificate has not been issued	Conforms	
2	KC102501	P060172	Kush Crasher	3 Identification C — HPLC	CITED	051-4-K-26	04.03.2026	FHM-K	in eCoA_DATABASE		identity by the HPLC cannabinoid profile on this certificate	220-19-K/26
2	KC102501	P060172	Kush Crasher	4 Assay — Total Δ⁹-THC	CITED	051-4-K-26	04.03.2026	FHM-K	in eCoA_DATABASE		17.04 %w/w; ±1.05 %; 17.04 %w/w; ±1.05 %	220-19-K/26
2	KC102501	P060172	Kush Crasher	5 Assay — Total CBD	CITED	051-4-K-26	04.03.2026	FHM-K	in eCoA_DATABASE		<LOQ** %w/w; <LOQ** %w/w	220-19-K/26
2	KC102501	P060172	Kush Crasher	6 Total CBN	CITED	051-4-K-26	04.03.2026	FHM-K	in eCoA_DATABASE		<LOQ** %w/w; <LOQ** %w/w	220-19-K/26
2	KC102501	P060172	Kush Crasher	7 Foreign matter	CITED	iCoA-PP_26-050	12.03.2026	PP	planned, NOT ISSUED (2026-05-15)	YES — the certificate has not been issued	Conforms	
2	KC102501	P060172	Kush Crasher	8 Loss on drying	CITED	051-4-LoD-26	02.03.2026	FHM-K	in eCoA_DATABASE		8.6	
2	KC102501	P060172	Kush Crasher	9 Microbiological purity	READ IN THIS PASS	129/0226/26	06.03.2026	IJZ-MB	in eCoA_DATABASE		3,8 x 10³ CFU/g CFU/g; 6,8 x 10³ CFU/g CFU/g; < 10³ и >10² CFU/g CFU/g; Одговара; Одговара	
2	KC102501	P060172	Kush Crasher	10 Mycotoxins	READ IN THIS PASS	1058/2026	09.03.2026	IJZ	in eCoA_DATABASE		2,8 µg/kg; (празен ред; отпечатена е само методата) Метода: Флуорометриски метод	
2	KC102501	P060172	Kush Crasher	11 Heavy metals	READ IN THIS PASS	1058/2026	09.03.2026	IJZ	in eCoA_DATABASE		н.д. mg/kg(l); н.д. mg/kg(l); н.д. mg/kg(l); н.д. mg/kg(l)	
2	KC102501	P060172	Kush Crasher	12 Pesticide residues	READ IN THIS PASS	1058/2026	09.03.2026	IJZ	in eCoA_DATABASE		н.д. mg/kg; н.д. mg/kg; н.д. mg/kg; н.д. mg/kg; н.д. mg/kg; н.д. mg/kg; н.д. mg/kg; н.д. mg/kg; н.д. mg/kg; н.д. mg/kg; н.д. mg/kg; н.д. mg/kg; н.д. mg/kg; н.д. mg/kg; н.д. mg/kg; н.д. mg/kg; н.д. mg/kg; н.д. mg/kg; н.д. mg/kg; н.д. mg/kg; н.д. mg/kg; н.д. mg/kg; н.д. mg/kg; н.д. mg/kg; н.д. mg/kg;	
2	MB0824_05	P050112	Motor Breath	1 Identification A — appearance	CITED	iCoA-PP_26-017	25.08.2025	PP	planned, NOT ISSUED (2026-05-15)	YES — the certificate has not been issued	Conforms	
2	MB0824_05	P050112	Motor Breath	2 Identification B — microscopy	CITED	iCoA-PP_26-017	25.08.2025	PP	planned, NOT ISSUED (2026-05-15)	YES — the certificate has not been issued	Conforms	
2	MB0824_05	P050112	Motor Breath	3 Identification C — HPLC	CITED	ППК25211	28.07.2025	CNP	in eCoA_DATABASE		Conforms (ImB spec.)	220-20-K/26
2	MB0824_05	P050112	Motor Breath	4 Assay — Total Δ⁹-THC	CITED	ППК25211	28.07.2025	CNP	in eCoA_DATABASE		16.82	220-20-K/26
2	MB0824_05	P050112	Motor Breath	5 Assay — Total CBD	CITED	ППК25211	28.07.2025	CNP	in eCoA_DATABASE		0.06	220-20-K/26
2	MB0824_05	P050112	Motor Breath	6 Total CBN	CITED	ППК25211	28.07.2025	CNP	in eCoA_DATABASE		0.02 ᴰ	220-20-K/26
2	MB0824_05	P050112	Motor Breath	7 Foreign matter	CITED	iCoA-PP_26-017	25.08.2025	PP	planned, NOT ISSUED (2026-05-15)	YES — the certificate has not been issued	Conforms	
2	MB0824_05	P050112	Motor Breath	8 Loss on drying	CITED	ППК25211	28.07.2025	CNP	in eCoA_DATABASE		6.56	
2	MB0824_05	P050112	Motor Breath	9 Microbiological purity	CITED	767-1376-25	29.07.2025	IJZ-MB	in eCoA_DATABASE		3,5 x 10³ CFU/g CFU/g; 1 x 10³ CFU/g CFU/g; < 10 CFU/g CFU/g; Одговара /g; Одговара /25 g	
2	MB0824_05	P050112	Motor Breath	10 Mycotoxins	CITED	3638-2025	28.07.2025	IJZ	in eCoA_DATABASE		n.r.; 2; n.r.	
2	MB0824_05	P050112	Motor Breath	11 Heavy metals	CITED	3638-2025	28.07.2025	IJZ	in eCoA_DATABASE		Н.д.; Н.д.; 0.086; 0.006	
2	MB0824_05	P050112	Motor Breath	12 Pesticide residues	CITED	3638-2025	28.07.2025	IJZ	in eCoA_DATABASE		N.D. ᴿ	
2	OMP1024_01	P050042	Orange Punch Mimosa	1 Identification A — appearance	CITED	iCoA-PP_26-010	20.06.2025	PP	planned, NOT ISSUED (2026-05-15)	YES — the certificate has not been issued	Conforms	
2	OMP1024_01	P050042	Orange Punch Mimosa	2 Identification B — microscopy	CITED	iCoA-PP_26-010	20.06.2025	PP	planned, NOT ISSUED (2026-05-15)	YES — the certificate has not been issued	Conforms	
2	OMP1024_01	P050042	Orange Punch Mimosa	3 Identification C — HPLC	CITED	ППК25117	06.05.2025	CNP	in eCoA_DATABASE		identity by the HPLC cannabinoid profile on this certificate	220-21-K/26
2	OMP1024_01	P050042	Orange Punch Mimosa	4 Assay — Total Δ⁹-THC	CITED	ППК25117	06.05.2025	CNP	in eCoA_DATABASE		0.46 %; 17.01 %; 15.38 %	220-21-K/26
2	OMP1024_01	P050042	Orange Punch Mimosa	5 Assay — Total CBD	CITED	ППК25117	06.05.2025	CNP	in eCoA_DATABASE		0.05 %; ND %; 0.04 %	220-21-K/26
2	OMP1024_01	P050042	Orange Punch Mimosa	6 Total CBN	CITED	ППК25117	06.05.2025	CNP	in eCoA_DATABASE		0.01 %	220-21-K/26
2	OMP1024_01	P050042	Orange Punch Mimosa	7 Foreign matter	CITED	iCoA-PP_26-010	20.06.2025	PP	planned, NOT ISSUED (2026-05-15)	YES — the certificate has not been issued	Conforms	
2	OMP1024_01	P050042	Orange Punch Mimosa	8 Loss on drying	CITED	ППК25117	06.05.2025	CNP	in eCoA_DATABASE		5.86 %	
2	OMP1024_01	P050042	Orange Punch Mimosa	9 Microbiological purity	CITED	407-0745-25	05.05.2025	IJZ-MB	in eCoA_DATABASE		10 CFU/g; < 10 CFU/g; < 10² и > 10 CFU/g; Одговара; Одговара	
2	OMP1024_01	P050042	Orange Punch Mimosa	10 Mycotoxins	CITED	2156-2025	07.05.2025	IJZ	in eCoA_DATABASE		< 2 µg/kg	
2	OMP1024_01	P050042	Orange Punch Mimosa	11 Heavy metals	CITED	2156-2025	07.05.2025	IJZ	in eCoA_DATABASE		0,031 mg/kg; 0,004 mg/kg(l); 0,01 mg/kg(l); 0,001 mg/kg(l)	
2	OMP1024_01	P050042	Orange Punch Mimosa	12 Pesticide residues	CITED	2156-2025	07.05.2025	IJZ	in eCoA_DATABASE		н.д. mg/kg(l); н.д. mg/kg(l); н.д. mg/kg(l); н.д. mg/kg(l); н.д. mg/kg(l); н.д. mg/kg(l); н.д. mg/kg(l); н.д. mg/kg(l); н.д. mg/kg(l); н.д. mg/kg(l); н.д. mg/kg(l); н.д. mg/kg(l); н.д. mg/Kg; н.д. mg/Kg; н.д. mg/kg; н.д. mg/kg; н.д. mg/kg; н.д. mg/kg; н.д. mg/kg; н.д. mg/kg; н.д. mg/kg; н.д. mg/kg;	
2	OPM092501	P060042	Orange Punch Mimosa	1 Identification A — appearance	CITED	iCoA-PP_26-040	29.01.2026	PP	planned, NOT ISSUED (2026-05-15)	YES — the certificate has not been issued	Conforms	
2	OPM092501	P060042	Orange Punch Mimosa	2 Identification B — microscopy	CITED	iCoA-PP_26-040	29.01.2026	PP	planned, NOT ISSUED (2026-05-15)	YES — the certificate has not been issued	Conforms	
2	OPM092501	P060042	Orange Punch Mimosa	3 Identification C — HPLC	CITED	ППК26008	21.01.2026	CNP	in eCoA_DATABASE		Conforms (ImB spec.)	220-22-K/26
2	OPM092501	P060042	Orange Punch Mimosa	4 Assay — Total Δ⁹-THC	CITED	ППК26008	21.01.2026	CNP	in eCoA_DATABASE		9.43	220-22-K/26
2	OPM092501	P060042	Orange Punch Mimosa	5 Assay — Total CBD	CITED	ППК26008	21.01.2026	CNP	in eCoA_DATABASE		0.04	220-22-K/26
2	OPM092501	P060042	Orange Punch Mimosa	6 Total CBN	CITED	ППК26008	21.01.2026	CNP	in eCoA_DATABASE		ND ᴰ	220-22-K/26
2	OPM092501	P060042	Orange Punch Mimosa	7 Foreign matter	CITED	iCoA-PP_26-040	29.01.2026	PP	planned, NOT ISSUED (2026-05-15)	YES — the certificate has not been issued	Conforms	
2	OPM092501	P060042	Orange Punch Mimosa	8 Loss on drying	CITED	ППК26008	21.01.2026	CNP	in eCoA_DATABASE		7.85	
2	OPM092501	P060042	Orange Punch Mimosa	9 Microbiological purity	CITED	2-0005-26	20.01.2026	IJZ-MB	in eCoA_DATABASE		10 CFU/g CFU/g; 10 CFU/g CFU/g; < 10² и > 10 CFU/g CFU/g; Одговара /g; Одговара /25 g	
2	OPM092501	P060042	Orange Punch Mimosa	10 Mycotoxins	CITED	87-2026	03.02.2026	IJZ	in eCoA_DATABASE		n.r.; 2.2; n.r.	
2	OPM092501	P060042	Orange Punch Mimosa	11 Heavy metals	CITED	87-2026	03.02.2026	IJZ	in eCoA_DATABASE		0.022; н.д.; н.д.; н.д.	
2	OPM092501	P060042	Orange Punch Mimosa	12 Pesticide residues	CITED	87-2026	03.02.2026	IJZ	in eCoA_DATABASE		≤ LOQ (all 29 compounds)	
2	OPM1024_03	P050082	Orange Punch Mimosa	1 Identification A — appearance	CITED	iCoA-PP_26-014	22.07.2025	PP	planned, NOT ISSUED (2026-05-15)	YES — the certificate has not been issued	Conforms	
2	OPM1024_03	P050082	Orange Punch Mimosa	2 Identification B — microscopy	CITED	iCoA-PP_26-014	22.07.2025	PP	planned, NOT ISSUED (2026-05-15)	YES — the certificate has not been issued	Conforms	
2	OPM1024_03	P050082	Orange Punch Mimosa	3 Identification C — HPLC	CITED	ППК25210	28.07.2025	CNP	in eCoA_DATABASE		Conforms (ImB spec.)	220-23-K/26
2	OPM1024_03	P050082	Orange Punch Mimosa	4 Assay — Total Δ⁹-THC	CITED	ППК25210	28.07.2025	CNP	in eCoA_DATABASE		16.55	220-23-K/26
2	OPM1024_03	P050082	Orange Punch Mimosa	5 Assay — Total CBD	CITED	ППК25210	28.07.2025	CNP	in eCoA_DATABASE		0.04	220-23-K/26
2	OPM1024_03	P050082	Orange Punch Mimosa	6 Total CBN	CITED	ППК25210	28.07.2025	CNP	in eCoA_DATABASE		0.01 ᴰ	220-23-K/26
2	OPM1024_03	P050082	Orange Punch Mimosa	7 Foreign matter	CITED	iCoA-PP_26-014	22.07.2025	PP	planned, NOT ISSUED (2026-05-15)	YES — the certificate has not been issued	Conforms	
2	OPM1024_03	P050082	Orange Punch Mimosa	8 Loss on drying	CITED	ППК25210	28.07.2025	CNP	in eCoA_DATABASE		6.38	
2	OPM1024_03	P050082	Orange Punch Mimosa	9 Microbiological purity	CITED	766-1375-25	29.07.2025	IJZ-MB	in eCoA_DATABASE		2 x 10² CFU/g CFU/g; 3 x 10² CFU/g CFU/g; < 10 CFU/g CFU/g; Одговара /g; Одговара /25 g	
2	OPM1024_03	P050082	Orange Punch Mimosa	10 Mycotoxins	CITED	3636-2025	28.07.2025	IJZ	in eCoA_DATABASE		n.r.; 2.1; n.r.	
2	OPM1024_03	P050082	Orange Punch Mimosa	11 Heavy metals	CITED	3636-2025	28.07.2025	IJZ	in eCoA_DATABASE		Н.д.; Н.д.; 0.135; 0.03	
2	OPM1024_03	P050082	Orange Punch Mimosa	12 Pesticide residues	CITED	3636-2025	28.07.2025	IJZ	in eCoA_DATABASE		≤ LOQ (all 26 compounds)	
2	PM112501	P060232	Permanent Marker	1 Identification A — appearance	CITED	iCoA-PP_26-056	27.04.2026	PP	planned, NOT ISSUED (2026-05-15)	YES — the certificate has not been issued	Conforms	
2	PM112501	P060232	Permanent Marker	2 Identification B — microscopy	CITED	iCoA-PP_26-056	27.04.2026	PP	planned, NOT ISSUED (2026-05-15)	YES — the certificate has not been issued	Conforms	
2	PM112501	P060232	Permanent Marker	3 Identification C — HPLC	CITED	ППК26030	05.03.2026	CNP	in eCoA_DATABASE		identity by the HPLC cannabinoid profile on this certificate	220-24-K/26
2	PM112501	P060232	Permanent Marker	4 Assay — Total Δ⁹-THC	CITED	ППК26030	05.03.2026	CNP	in eCoA_DATABASE		0.41 % %; 14.73 % %; 13.33 % %	220-24-K/26
2	PM112501	P060232	Permanent Marker	5 Assay — Total CBD	CITED	ППК26030	05.03.2026	CNP	in eCoA_DATABASE		0.03 % %; BLQ %; 0.03 % %	220-24-K/26
2	PM112501	P060232	Permanent Marker	6 Total CBN	CITED	ППК26030	05.03.2026	CNP	in eCoA_DATABASE		0.01 % %	220-24-K/26
2	PM112501	P060232	Permanent Marker	7 Foreign matter	CITED	iCoA-PP_26-056	27.04.2026	PP	planned, NOT ISSUED (2026-05-15)	YES — the certificate has not been issued	Conforms	
2	PM112501	P060232	Permanent Marker	8 Loss on drying	CITED	ППК26030	05.03.2026	CNP	in eCoA_DATABASE		8.61 % %	
2	PM112501	P060232	Permanent Marker	9 Microbiological purity	READ IN THIS PASS	135/0232/26	06.03.2026	IJZ-MB	in eCoA_DATABASE		10 CFU/g CFU/g; < 10 CFU/g CFU/g; < 10 CFU/g CFU/g; Одговара; Одговара	
2	PM112501	P060232	Permanent Marker	10 Mycotoxins	NOTHING ON FILE	—	—	—	no document anywhere		—	
2	PM112501	P060232	Permanent Marker	11 Heavy metals	READ IN THIS PASS	1059/2026	09.03.2026	IJZ	in eCoA_DATABASE		н.д. mg/kg(l); н.д. mg/kg(l); н.д. mg/kg(l); н.д. mg/kg(l)	
2	PM112501	P060232	Permanent Marker	12 Pesticide residues	READ IN THIS PASS	1059/2026	09.03.2026	IJZ	in eCoA_DATABASE		н.д. mg/kg; н.д. mg/kg; н.д. mg/kg; н.д. mg/kg; н.д. mg/kg; н.д. mg/kg; н.д. mg/kg; н.д. mg/kg; н.д. mg/kg; н.д. mg/kg; н.д. mg/kg; н.д. mg/kg; н.д. mg/kg; н.д. mg/Kg; н.д. mg/kg; н.д. mg/kg; н.д. mg/kg; н.д. mg/kg; н.д. mg/kg; н.д. mg/kg; н.д. mg/kg; н.д. mg/kg; н.д. mg/kg; н.д. mg/kg; н.д. mg/kg;	
2	PUM102501	P060112	Pure Michigen	1 Identification A — appearance	NOTHING ON FILE	—	—	—	no document anywhere		—	
2	PUM102501	P060112	Pure Michigen	2 Identification B — microscopy	NOTHING ON FILE	—	—	—	no document anywhere		—	
2	PUM102501	P060112	Pure Michigen	3 Identification C — HPLC	READ IN THIS PASS	031-2-K/26	10.02.2026	FHM	in eCoA_DATABASE		identity by the HPLC cannabinoid profile on this certificate	220-25-K/26
2	PUM102501	P060112	Pure Michigen	4 Assay — Total Δ⁹-THC	READ IN THIS PASS	031-2-K/26	10.02.2026	FHM	in eCoA_DATABASE		15.63 %w/w; 0.96 %	220-25-K/26
2	PUM102501	P060112	Pure Michigen	5 Assay — Total CBD	READ IN THIS PASS	031-2-K/26	10.02.2026	FHM	in eCoA_DATABASE		<LOQ** %w/w	220-25-K/26
2	PUM102501	P060112	Pure Michigen	6 Total CBN	READ IN THIS PASS	031-2-K/26	10.02.2026	FHM	in eCoA_DATABASE		<LOQ** %w/w	220-25-K/26
2	PUM102501	P060112	Pure Michigen	7 Foreign matter	NOTHING ON FILE	—	—	—	no document anywhere		—	
2	PUM102501	P060112	Pure Michigen	8 Loss on drying	READ IN THIS PASS	031-2-LoD/26	11.02.2026	FHM	in eCoA_DATABASE		6,4 %	
2	PUM102501	P060112	Pure Michigen	9 Microbiological purity	READ IN THIS PASS	74/0117/26	09.02.2026	IJZ-MB	in eCoA_DATABASE		5 x 10¹ CFU/g CFU/g; 5 x 10¹ CFU/g CFU/g; < 10 CFU/g CFU/g; Одговара; Одговара	
2	PUM102501	P060112	Pure Michigen	10 Mycotoxins	READ IN THIS PASS	327/2026	11.02.2026	IJZ	in eCoA_DATABASE		< 2 µg/kg	
2	PUM102501	P060112	Pure Michigen	11 Heavy metals	READ IN THIS PASS	327/2026	11.02.2026	IJZ	in eCoA_DATABASE		0,078 mg/kg(l); н.д. mg/kg(l); 0,0187 mg/kg(l); н.д. mg/kg(l)	
2	PUM102501	P060112	Pure Michigen	12 Pesticide residues	READ IN THIS PASS	327/2026	11.02.2026	IJZ	in eCoA_DATABASE		н.д. mg/kg; н.д. mg/kg; н.д. mg/kg; н.д. mg/kg; н.д. mg/kg; н.д. mg/kg; н.д. mg/kg; н.д. mg/kg; н.д. mg/kg; н.д. mg/kg; н.д. mg/kg; н.д. mg/kg; н.д. mg/Kg; н.д. mg/kg; н.д. mg/kg; н.д. mg/kg; н.д. mg/kg; н.д. mg/kg; н.д. mg/kg; н.д. mg/kg; н.д. mg/kg; н.д. mg/kg; н.д. mg/kg; н.д. mg/kg; н.д. mg/kg;	
2	SCR112501	P060282	Scrambler	1 Identification A — appearance	CITED	iCoA-PP_26-061	18.05.2026	PP	planned, NOT ISSUED (2026-05-25)	YES — the certificate has not been issued	Conforms	
2	SCR112501	P060282	Scrambler	2 Identification B — microscopy	CITED	iCoA-PP_26-061	18.05.2026	PP	planned, NOT ISSUED (2026-05-25)	YES — the certificate has not been issued	Conforms	
2	SCR112501	P060282	Scrambler	3 Identification C — HPLC	CITED	ППК26069	11.05.2026	CNP	in eCoA_DATABASE		identity by the HPLC cannabinoid profile on this certificate	220-26-K/26
2	SCR112501	P060282	Scrambler	4 Assay — Total Δ⁹-THC	CITED	ППК26069	11.05.2026	CNP	in eCoA_DATABASE		0.64 % %; 18.80 % %; 17.13 % %	220-26-K/26
2	SCR112501	P060282	Scrambler	5 Assay — Total CBD	CITED	ППК26069	11.05.2026	CNP	in eCoA_DATABASE		0.05 % %; BLQ %; 0.04 % %	220-26-K/26
2	SCR112501	P060282	Scrambler	6 Total CBN	CITED	ППК26069	11.05.2026	CNP	in eCoA_DATABASE		BLQ %	220-26-K/26
2	SCR112501	P060282	Scrambler	7 Foreign matter	CITED	iCoA-PP_26-061	18.05.2026	PP	planned, NOT ISSUED (2026-05-25)	YES — the certificate has not been issued	Conforms	
2	SCR112501	P060282	Scrambler	8 Loss on drying	CITED	ППК26069	11.05.2026	CNP	in eCoA_DATABASE		6.84 % %	
2	SCR112501	P060282	Scrambler	9 Microbiological purity	CITED	305-0549-26	28.04.2026	IJZ-MB	in eCoA_DATABASE		2,3 x 10³ CFU/g CFU/g; 4,3 x 10³ CFU/g CFU/g; < 10³ и >10² CFU/g CFU/g; отсутна/g /g; отсутна/25 /25 g; 2,3 x 10³ CFU/g CFU/g; 4,3 x 10³ CFU/g CFU/g; <10³ и >10² CFU/g CFU/g; отсутна/g; отсутна/25	
2	SCR112501	P060282	Scrambler	10 Mycotoxins	CITED	2360-2026	29.04.2026	IJZ	in eCoA_DATABASE		< 2 µg/kg	
2	SCR112501	P060282	Scrambler	11 Heavy metals	CITED	2360-2026	29.04.2026	IJZ	in eCoA_DATABASE		0,0299 mg/kg; 0,0136 mg/kg(l); 0,0154 mg/kg(l); 0,017 mg/kg(l)	
2	SCR112501	P060282	Scrambler	12 Pesticide residues	CITED	2360-2026	29.04.2026	IJZ	in eCoA_DATABASE		н.д. mg/kg; н.д. mg/kg; н.д. mg/kg; н.д. mg/kg; н.д. mg/kg; н.д. mg/kg; н.д. mg/kg; н.д. mg/kg; н.д. mg/kg; н.д. mg/kg; н.д. mg/kg; н.д. mg/kg; н.д. mg/Kg; н.д. mg/kg; н.д. mg/kg; н.д. mg/kg; н.д. mg/kg; н.д. mg/kg; н.д. mg/kg; н.д. mg/kg; н.д. mg/kg; н.д. mg/kg; н.д. mg/kg; н.д. mg/kg; н.д. mg/kg;	
2	SJ092501	—	Sleepy Joe	1 Identification A — appearance	ON FILE, NOT READ	—	—	—	in eCoA_DATABASE/_IN-HOUSE_PP		—	
2	SJ092501	—	Sleepy Joe	2 Identification B — microscopy	ON FILE, NOT READ	—	—	—	in eCoA_DATABASE/_IN-HOUSE_PP		—	
2	SJ092501	—	Sleepy Joe	3 Identification C — HPLC	READ IN THIS PASS	ППК26006	21.01.2026	CNP	in eCoA_DATABASE		identity by the HPLC cannabinoid profile on this certificate	220-27-K/26
2	SJ092501	—	Sleepy Joe	4 Assay — Total Δ⁹-THC	READ IN THIS PASS	ППК26006	21.01.2026	CNP	in eCoA_DATABASE		0.35 %; 12.10 %; 10.96 %	220-27-K/26
2	SJ092501	—	Sleepy Joe	5 Assay — Total CBD	READ IN THIS PASS	ППК26006	21.01.2026	CNP	in eCoA_DATABASE		0.08 %; BLQ; 0.07 %	220-27-K/26
2	SJ092501	—	Sleepy Joe	6 Total CBN	READ IN THIS PASS	ППК26006	21.01.2026	CNP	in eCoA_DATABASE		BLQ	220-27-K/26
2	SJ092501	—	Sleepy Joe	7 Foreign matter	ON FILE, NOT READ	—	—	—	in eCoA_DATABASE/_IN-HOUSE_PP		—	
2	SJ092501	—	Sleepy Joe	8 Loss on drying	READ IN THIS PASS	ППК26006	21.01.2026	CNP	in eCoA_DATABASE		8.68 %	
2	SJ092501	—	Sleepy Joe	9 Microbiological purity	READ IN THIS PASS	9/0012/26	20.01.2026	IJZ-MB	in eCoA_DATABASE		< 10 CFU/g CFU/g; < 10 CFU/g CFU/g; < 10 CFU/g CFU/g; Одговара /g; Одговара /25 g	
2	SJ092501	—	Sleepy Joe	10 Mycotoxins	READ IN THIS PASS	85/2026	02.02.2026	IJZ	in eCoA_DATABASE		2 µg/kg	
2	SJ092501	—	Sleepy Joe	11 Heavy metals	READ IN THIS PASS	85/2026	02.02.2026	IJZ	in eCoA_DATABASE		0,08 mg/kg(l); 0,003 mg/kg(l); н.д. mg/kg(l); 3,341 mg/kg(l); н.д. mg/kg(l)	
2	SJ092501	—	Sleepy Joe	12 Pesticide residues	READ IN THIS PASS	85/2026	02.02.2026	IJZ	in eCoA_DATABASE		н.д. mg/kg; н.д. mg/kg; н.д. mg/kg; н.д. mg/kg; н.д. mg/kg; н.д. mg/kg; н.д. mg/kg; н.д. mg/kg; н.д. mg/kg; н.д. mg/kg; н.д. mg/kg; н.д. mg/kg; н.д. mg/Kg; н.д. mg/Kg; н.д. mg/kg; н.д. mg/kg; н.д. mg/kg; н.д. mg/kg; н.д. mg/kg; н.д. mg/kg; н.д. mg/kg; н.д. mg/kg; н.д. mg/kg; н.д. mg/kg; н.д. mg/kg;	
2	WC082501	P060012	Wedding Crusher	1 Identification A — appearance	CITED	iCoA-PP_26-037	13.01.2026	PP	planned, NOT ISSUED (2026-05-15)	YES — the certificate has not been issued	Conforms	
2	WC082501	P060012	Wedding Crusher	2 Identification B — microscopy	CITED	iCoA-PP_26-037	13.01.2026	PP	planned, NOT ISSUED (2026-05-15)	YES — the certificate has not been issued	Conforms	
2	WC082501	P060012	Wedding Crusher	3 Identification C — HPLC	CITED	ППК26001	21.01.2026	CNP	in eCoA_DATABASE		Conforms (ImB spec.)	220-28-K/26
2	WC082501	P060012	Wedding Crusher	4 Assay — Total Δ⁹-THC	CITED	ППК26001	21.01.2026	CNP	in eCoA_DATABASE		21.67	220-28-K/26
2	WC082501	P060012	Wedding Crusher	5 Assay — Total CBD	CITED	ППК26001	21.01.2026	CNP	in eCoA_DATABASE		0.08	220-28-K/26
2	WC082501	P060012	Wedding Crusher	6 Total CBN	CITED	ППК26001	21.01.2026	CNP	in eCoA_DATABASE		0.02 % ᴰ	220-28-K/26
2	WC082501	P060012	Wedding Crusher	7 Foreign matter	CITED	iCoA-PP_26-037	13.01.2026	PP	planned, NOT ISSUED (2026-05-15)	YES — the certificate has not been issued	Conforms	
2	WC082501	P060012	Wedding Crusher	8 Loss on drying	CITED	ППК26001	21.01.2026	CNP	in eCoA_DATABASE		7.50	
2	WC082501	P060012	Wedding Crusher	9 Microbiological purity	CITED	3-0006-26	20.01.2026	IJZ-MB	in eCoA_DATABASE		10 CFU/g CFU/g; 30 CFU/g CFU/g; < 10 CFU/g CFU/g; Одговара /g; Одговара /25 g	
2	WC082501	P060012	Wedding Crusher	10 Mycotoxins	CITED	80-2026	02.02.2026	IJZ	in eCoA_DATABASE		n.r.; <2; n.r.	
2	WC082501	P060012	Wedding Crusher	11 Heavy metals	CITED	80-2026	02.02.2026	IJZ	in eCoA_DATABASE		н.д.; н.д.; н.д.; н.д.	
2	WC082501	P060012	Wedding Crusher	12 Pesticide residues	CITED	80-2026	02.02.2026	IJZ	in eCoA_DATABASE		≤ LOQ (all 29 compounds)	
