CU batch	P batch	Strain	Status before	Parameter	Now covered by
CC012601/1	P060332		❌ 4 MISSING	#9 Microbiological purity	361/0691/26 (01.06.2026) [IJZ-MB]
FB012602*	P060352	Fat Bastard	❌ 4 MISSING	#9 Microbiological purity	366/0696/26 (01.06.2026) [IJZ-MB]
FB012603	P060432	Fat Bastard	⚠ 3 MISSING	#10 Mycotoxins	3661/ 2026 (22.06.2026) [IJZ]
FB012603	P060432	Fat Bastard	⚠ 3 MISSING	#11 Heavy metals	3661/ 2026 (22.06.2026) [IJZ]
FB012603	P060432	Fat Bastard	⚠ 3 MISSING	#12 Pesticide residues	3661/ 2026 (22.06.2026) [IJZ]
FB012603V	P060392	Fat Bastard	⚠ 3 MISSING	#10 Mycotoxins	3663/2026 (22.06.2026) [IJZ]
FB012603V	P060392	Fat Bastard	⚠ 3 MISSING	#11 Heavy metals	3663/2026 (22.06.2026) [IJZ]
FB012603V	P060392	Fat Bastard	⚠ 3 MISSING	#12 Pesticide residues	3663/2026 (22.06.2026) [IJZ]
FB032601	P060452	Fat Bastard	❌ 4 MISSING	#9 Microbiological purity	433/0847/26 (10.07.2026) [IJZ-MB]; 434/0848/26 (10.07.2026) [IJZ-MB]
FB032601	P060452	Fat Bastard	❌ 4 MISSING	#10 Mycotoxins	3924/2026 (20.07.2026) [IJZ]
FB032601	P060452	Fat Bastard	❌ 4 MISSING	#11 Heavy metals	3924/2026 (20.07.2026) [IJZ]
FB032601	P060452	Fat Bastard	❌ 4 MISSING	#12 Pesticide residues	3924/2026 (20.07.2026) [IJZ]
GG012603	P060402	Gorilla Glue	⚠ 3 MISSING	#9 Microbiological purity	404/0787/26 (24.06.2026) [IJZ-MB]
GG012603	P060402	Gorilla Glue	⚠ 3 MISSING	#11 Heavy metals	3659/2026 (22.06.2026) [IJZ]
GG012603	P060402	Gorilla Glue	⚠ 3 MISSING	#12 Pesticide residues	3659/2026 (22.06.2026) [IJZ]
GG032601	P060462	Gorilla Glue	❌ 4 MISSING	#10 Mycotoxins	3925/2026 (20.07.2026) [IJZ]
GG032601	P060462	Gorilla Glue	❌ 4 MISSING	#12 Pesticide residues	3925/2026 (20.07.2026) [IJZ]
GG1024	— not assigned —	Gorilla Glue	❌ 9 MISSING	#3 Identification C	ППК25008 (29.01.2025) [CNP]
GG1024	— not assigned —	Gorilla Glue	❌ 9 MISSING	#4 Total Δ⁹-THC	ППК25008 (29.01.2025) [CNP]
GG1024	— not assigned —	Gorilla Glue	❌ 9 MISSING	#5 Total CBD	ППК25008 (29.01.2025) [CNP]
GG1024	— not assigned —	Gorilla Glue	❌ 9 MISSING	#8 Loss on drying	ППК25008 (29.01.2025) [CNP]
GG1024	— not assigned —	Gorilla Glue	❌ 9 MISSING	#9 Microbiological purity	166/0274/25 (24.02.2025) [IJZ-MB]
GG1024	— not assigned —	Gorilla Glue	❌ 9 MISSING	#10 Mycotoxins	748/2025 (04.03.2025) [IJZ]
GG1024	— not assigned —	Gorilla Glue	❌ 9 MISSING	#11 Heavy metals	748/2025 (04.03.2025) [IJZ]
GG1024	— not assigned —	Gorilla Glue	❌ 9 MISSING	#12 Pesticide residues	748/2025 (04.03.2025) [IJZ]
GRC102501	P060142 / P060182		⚠ 3 MISSING	#11 Heavy metals	1060/2026 (09.03.2026) [IJZ]; 328/2026 (11.02.2026) [IJZ]
GRC102501	P060142 / P060182		⚠ 3 MISSING	#12 Pesticide residues	1060/2026 (09.03.2026) [IJZ]; 328/2026 (11.02.2026) [IJZ]
J31102501	P060152	Jokerz 31	⚠ 3 MISSING	#9 Microbiological purity	133/0230/26 (06.03.2026) [IJZ-MB]
J31102501	P060152	Jokerz 31	⚠ 3 MISSING	#11 Heavy metals	1056/2026 (09.03.2026) [IJZ]
J31102501	P060152	Jokerz 31	⚠ 3 MISSING	#12 Pesticide residues	1056/2026 (09.03.2026) [IJZ]
J31112501	P060202	Jokerz 31	⚠ 3 MISSING	#10 Mycotoxins	1057/2026 (09.03.2026) [IJZ]
J31112501	P060202	Jokerz 31	⚠ 3 MISSING	#11 Heavy metals	1057/2026 (09.03.2026) [IJZ]
J31112501	P060202	Jokerz 31	⚠ 3 MISSING	#12 Pesticide residues	1057/2026 (09.03.2026) [IJZ]
JD012603	P060362 / P060412 / P060422		❌ 4 MISSING	#9 Microbiological purity	365/0695/26 (01.06.2026) [IJZ-MB]
JD012603	P060362 / P060412 / P060422		❌ 4 MISSING	#9 Microbiological purity	405/0788/26 (24.06.2026) [IJZ-MB]
JD012603	P060362 / P060412 / P060422		❌ 4 MISSING	#9 Microbiological purity	406/0789/26 (24.06.2026) [IJZ-MB]
JD012603	P060362 / P060412 / P060422		❌ 4 MISSING	#10 Mycotoxins	3660/2026 (22.06.2026) [IJZ]
JD012603	P060362 / P060412 / P060422		❌ 4 MISSING	#10 Mycotoxins	3662/2026 (22.06.2026) [IJZ]
JD012603	P060362 / P060412 / P060422		❌ 4 MISSING	#11 Heavy metals	3660/2026 (22.06.2026) [IJZ]
JD012603	P060362 / P060412 / P060422		❌ 4 MISSING	#11 Heavy metals	3662/2026 (22.06.2026) [IJZ]
JD012603	P060362 / P060412 / P060422		❌ 4 MISSING	#12 Pesticide residues	3660/2026 (22.06.2026) [IJZ]
JD012603	P060362 / P060412 / P060422		❌ 4 MISSING	#12 Pesticide residues	3662/2026 (22.06.2026) [IJZ]
JD022601	P060482	JellyDonutz	❌ 4 MISSING	#9 Microbiological purity	402/0785/26 (24.06.2026) [IJZ-MB]
JD022601	P060482	JellyDonutz	❌ 4 MISSING	#10 Mycotoxins	3658/2026 (22.06.2026) [IJZ]
JD022601	P060482	JellyDonutz	❌ 4 MISSING	#11 Heavy metals	3658/2026 (22.06.2026) [IJZ]
JD022601	P060482	JellyDonutz	❌ 4 MISSING	#12 Pesticide residues	3658/2026 (22.06.2026) [IJZ]
KC102501	P060172	Kush Crasher	❌ 4 MISSING	#9 Microbiological purity	129/0226/26 (06.03.2026) [IJZ-MB]
KC102501	P060172	Kush Crasher	❌ 4 MISSING	#10 Mycotoxins	1058/2026 (09.03.2026) [IJZ]
KC102501	P060172	Kush Crasher	❌ 4 MISSING	#11 Heavy metals	1058/2026 (09.03.2026) [IJZ]
KC102501	P060172	Kush Crasher	❌ 4 MISSING	#12 Pesticide residues	1058/2026 (09.03.2026) [IJZ]
OPM112501	P060222	Orange Punch Mimosa	❌ 4 MISSING	#11 Heavy metals	1062/2026 (11.03.2026) [IJZ]
OPM112501	P060222	Orange Punch Mimosa	❌ 4 MISSING	#12 Pesticide residues	1062/2026 (11.03.2026) [IJZ]
PM112501	P060232	Permanent Market	❌ 4 MISSING	#9 Microbiological purity	135/0232/26 (06.03.2026) [IJZ-MB]
PM112501	P060232	Permanent Market	❌ 4 MISSING	#11 Heavy metals	1059/2026 (09.03.2026) [IJZ]
PM112501	P060232	Permanent Market	❌ 4 MISSING	#12 Pesticide residues	1059/2026 (09.03.2026) [IJZ]
SCR012603	P060382	Scrambler	❌ 4 MISSING	#9 Microbiological purity	364/0694/26 (01.06.2026) [IJZ-MB]
SCR022601	P060442	Scrambler	⚠ 3 MISSING	#10 Mycotoxins	3657/2026 (22.06.2026) [IJZ]
SCR022601	P060442	Scrambler	⚠ 3 MISSING	#11 Heavy metals	3657/2026 (22.06.2026) [IJZ]
SCR022601	P060442	Scrambler	⚠ 3 MISSING	#12 Pesticide residues	3657/2026 (22.06.2026) [IJZ]
SJ102501	P060162	Sleepy Joy	⚠ 3 MISSING	#12 Pesticide residues	1065/2026 (11.03.2026) [IJZ]
SJ112501	P060192	Sleepy Joy	❌ 4 MISSING	#9 Microbiological purity	130/0227/26 (06.03.2026) [IJZ-MB]
SJ112501	P060192	Sleepy Joy	❌ 4 MISSING	#10 Mycotoxins	1061/2026 (09.03.2026) [IJZ]
SJ112501	P060192	Sleepy Joy	❌ 4 MISSING	#11 Heavy metals	1061/2026 (09.03.2026) [IJZ]
SJ112501	P060192	Sleepy Joy	❌ 4 MISSING	#12 Pesticide residues	1061/2026 (09.03.2026) [IJZ]
WED102501	P060102	Wedding Cake	❌ 8 MISSING	#3 Identification C	031-3-K/26 (10.02.2026) [FHM]
WED102501	P060102	Wedding Cake	❌ 8 MISSING	#4 Total Δ⁹-THC	031-3-K/26 (10.02.2026) [FHM]
WED102501	P060102	Wedding Cake	❌ 8 MISSING	#5 Total CBD	031-3-K/26 (10.02.2026) [FHM]
WED102501	P060102	Wedding Cake	❌ 8 MISSING	#6 Total CBN	031-3-K/26 (10.02.2026) [FHM]
WED102501	P060102	Wedding Cake	❌ 8 MISSING	#8 Loss on drying	031-3-LoD/26 (12.02.2026) [FHM]
WED102501	P060102	Wedding Cake	❌ 8 MISSING	#10 Mycotoxins	329/2026 (11.02.2026) [IJZ]
WED102501	P060102	Wedding Cake	❌ 8 MISSING	#11 Heavy metals	329/2026 (11.02.2026) [IJZ]
WED102501	P060102	Wedding Cake	❌ 8 MISSING	#12 Pesticide residues	329/2026 (11.02.2026) [IJZ]
— not recorded —	P160012		❌ 4 MISSING	#9 Microbiological purity	409/0792/26 (24.06.2026) [IJZ-MB]
— not recorded —	P160022		❌ 4 MISSING	#9 Microbiological purity	411/0794/26 (24.06.2026) [IJZ-MB]
— not recorded —	P160032		❌ 4 MISSING	#9 Microbiological purity	410/0793/26 (24.06.2026) [IJZ-MB]
— not recorded —	P160012		❌ 4 MISSING	#10 Mycotoxins	3656/2026 (22.06.2026) [IJZ]
— not recorded —	P160022		❌ 4 MISSING	#10 Mycotoxins	3655/2026 (22.06.2026) [IJZ]
— not recorded —	P160032		❌ 4 MISSING	#10 Mycotoxins	3654/2026 (22.06.2026) [IJZ]
— not recorded —	P160012		❌ 4 MISSING	#11 Heavy metals	3656/2026 (22.06.2026) [IJZ]
— not recorded —	P160022		❌ 4 MISSING	#11 Heavy metals	3655/2026 (22.06.2026) [IJZ]
— not recorded —	P160032		❌ 4 MISSING	#11 Heavy metals	3654/2026 (22.06.2026) [IJZ]
— not recorded —	P160012		❌ 4 MISSING	#12 Pesticide residues	3656/2026 (22.06.2026) [IJZ]
— not recorded —	P160022		❌ 4 MISSING	#12 Pesticide residues	3655/2026 (22.06.2026) [IJZ]
— not recorded —	P160032		❌ 4 MISSING	#12 Pesticide residues	3654/2026 (22.06.2026) [IJZ]
CC012603	P060372	Cash Cow		#9 Microbiological purity	363/0693/26 (01.06.2026) [IJZ-MB]
JD032601	— not assigned —	Jelly Donutz		#9 Microbiological purity; #10 Mycotoxins; #11 Heavy metals; #12 Pesticide residues	4374/2026 (11.08.2026) [IJZ]; 477/0929/26 (04.08.2026) [IJZ-MB]
OPM1024-01	— not assigned —	Orange Punch Mimosa		#3 Identification C; #4 Total Δ⁹-THC; #5 Total CBD; #8 Loss on drying; #9 Microbiological purity; #10 Mycotoxins; #11 Heavy metals; #12 Pesticide residues	2156/2025 (07.05.2025) [IJZ]; 407/0745/25 (05.05.2025) [IJZ-MB]; ППК25117 (06.05.2025) [CNP]
CF102501	P060132	Chem Flyer		#3 Identification C; #4 Total Δ⁹-THC; #5 Total CBD; #6 Total CBN; #8 Loss on drying; #9 Microbiological purity; #10 Mycotoxins; #11 Heavy metals; #12 Pesticide residues	031-4-K/26 (10.02.2026) [FHM]; 031-4-LoD/26 (12.02.2026) [FHM]; 330/2026 (11.02.2026) [IJZ]; 73/0116/26 (09.02.2026) [IJZ-MB]
PUM102501	P060112	Pure Michigan		#3 Identification C; #4 Total Δ⁹-THC; #5 Total CBD; #6 Total CBN; #8 Loss on drying; #9 Microbiological purity; #10 Mycotoxins; #11 Heavy metals; #12 Pesticide residues	031-2-K/26 (10.02.2026) [FHM]; 031-2-LoD/26 (11.02.2026) [FHM]; 327/2026 (11.02.2026) [IJZ]; 74/0117/26 (09.02.2026) [IJZ-MB]
ACC102501	P060122	Amnesia Core Cut		#3 Identification C; #4 Total Δ⁹-THC; #5 Total CBD; #6 Total CBN; #8 Loss on drying; #9 Microbiological purity; #10 Mycotoxins; #11 Heavy metals; #12 Pesticide residues	031-5-K/26 (10.02.2026) [FHM]; 031-5-LoD/26 (12.02.2026) [FHM]; 326/2026 (11.02.2026) [IJZ]; 77/0120/26 (09.02.2026) [IJZ-MB]
