seq,release_date,register_ref,batch,strain,icoa_scope,ident_A,ident_B,ident_C,foreign_matter,coq_initial,coq_reissue,reissue_basis_date,outsourced_outstanding,in_register,note
1,23.01.2025,79,HPA1024,HighProAmnesia,full panel (IdentA/B + IdentC + foreign matter),required,required,required,required,yes,yes,10.08.2026,microbiology; physchem,Y,
2,27.02.2025,1,BG1024,Blue Gelato,full panel (IdentA/B + IdentC + foreign matter),required,required,required,required,yes,yes,10.08.2026,,Y,
3,27.02.2025,2,BSS1024,Blue Sunset Sherbet,full panel (IdentA/B + IdentC + foreign matter),required,required,required,required,yes,yes,10.08.2026,,Y,
4,27.02.2025,3,CJ1024,Cup Junky,full panel (IdentA/B + IdentC + foreign matter),required,required,required,required,yes,,,,Y,
5,17.04.2025,4,GG1024_01,Gorilla Glue,full panel (IdentA/B + IdentC + foreign matter),required,required,required,required,yes,yes,10.08.2026,,Y,
6,17.04.2025,5,GP0824_01,Grape Pie,full panel (IdentA/B + IdentC + foreign matter),required,required,required,required,yes,,,,Y,
7,23.04.2025,80,OPM1024,OrangePunchMimosa,full panel (IdentA/B + IdentC + foreign matter),required,required,required,required,yes,yes,10.08.2026,microbiology; physchem,Y,
8,07.05.2025,6,MB0824_04,Motor Breath,full panel (IdentA/B + IdentC + foreign matter),required,required,required,required,yes,,,,Y,
9,07.05.2025,7,OPM1024_01,Orange Punch Mimosa,full panel (IdentA/B + IdentC + foreign matter),required,required,required,required,yes,,,microbiology,Y,
10,30.05.2025,8,GG1024_02,Gorilla Glue,full panel (IdentA/B + IdentC + foreign matter),required,required,required,required,yes,,,,Y,
11,24.06.2025,9,HPA1024_01,High Pro Amnesia,full panel (IdentA/B + IdentC + foreign matter),required,required,required,required,yes,yes,10.08.2026,,Y,
12,24.06.2025,10,OPM1024_02,Orange Punch Mimosa,full panel (IdentA/B + IdentC + foreign matter),required,required,required,required,yes,yes,10.08.2026,,Y,
13,10.07.2025,13,BSS1024_01,Blue Sunset Sherbet,full panel (IdentA/B + IdentC + foreign matter),required,required,required,required,yes,,,,Y,
14,29.07.2025,14,OPM1024_03,Orange Punch Mimosa,full panel (IdentA/B + IdentC + foreign matter),required,required,required,required,yes,,,,Y,
15,29.07.2025,15,MB0824_05,Motor Breath,full panel (IdentA/B + IdentC + foreign matter),required,required,required,required,yes,,,,Y,
16,05.09.2025,16,OPM052501,Orange Punch Mimosa,full panel (IdentA/B + IdentC + foreign matter),required,required,required,required,yes,,,,Y,
17,17.09.2025,17,CJ052501-1,Cup Junky,full panel (IdentA/B + IdentC + foreign matter),required,required,required,required,yes,yes,10.08.2026,,Y,
18,17.09.2025,18,CJ052501-2,Cup Junky,full panel (IdentA/B + IdentC + foreign matter),required,required,required,required,yes,,,,Y,
19,19.09.2025,19,GP052501,Grape Pie,full panel (IdentA/B + IdentC + foreign matter),required,required,required,required,yes,yes,10.08.2026,,Y,
20,19.09.2025,20,HPA052501,High Pro Amnesia,full panel (IdentA/B + IdentC + foreign matter),required,required,required,required,yes,,,,Y,
21,01.12.2025,23,CJ062501-1,Cap Junkie,full panel (IdentA/B + IdentC + foreign matter),required,required,required,required,yes,,,,Y,
22,02.12.2025,25,CJ072501,Cup Junky,full panel (IdentA/B + IdentC + foreign matter),required,required,required,required,yes,,,,Y,
23,02.12.2025,26,WC072501,Wedding Crasher,full panel (IdentA/B + IdentC + foreign matter),required,required,required,required,yes,,,,Y,
24,04.12.2025,24,BSS052501,Blue Sunset Sherbet,full panel (IdentA/B + IdentC + foreign matter),required,required,required,required,yes,,,,Y,
25,21.01.2026,27,PM072501,Permanent Market,full panel (IdentA/B + IdentC + foreign matter),required,required,required,required,yes,,,,Y,
26,21.01.2026,28,CLE072501,Clemosa a bud,full panel (IdentA/B + IdentC + foreign matter),required,required,required,required,yes,,,,Y,
27,21.01.2026,29,GP072501-1,Grape Pie,full panel (IdentA/B + IdentC + foreign matter),required,required,required,required,yes,,,,Y,
28,21.01.2026,30,GP072501-2,Grape Pie,full panel (IdentA/B + IdentC + foreign matter),required,required,required,required,yes,,,,Y,
29,21.01.2026,31,GP082501-1,Grape Pie,full panel (IdentA/B + IdentC + foreign matter),required,required,required,required,yes,,,,Y,
30,21.01.2026,32,GP082501-2,Grape Pie,full panel (IdentA/B + IdentC + foreign matter),required,required,required,required,yes,yes,10.08.2026,,Y,
31,24.01.2026,22,CJ062501-2,Cap Junkie,full panel (IdentA/B + IdentC + foreign matter),required,required,required,required,yes,yes,10.08.2026,,Y,
32,20.02.2026,33,WC082501,Wedding Crasher,full panel (IdentA/B + IdentC + foreign matter),required,required,required,required,yes,,,,Y,
33,20.02.2026,34,CJ082501-1,Cap Junky,full panel (IdentA/B + IdentC + foreign matter),required,required,required,required,yes,,,,Y,
34,20.02.2026,35,CJ082501-2,Cap Junky,full panel (IdentA/B + IdentC + foreign matter),required,required,required,required,yes,yes,10.08.2026,,Y,
35,20.02.2026,36,OPM092501,Orange Punch Mimosa,full panel (IdentA/B + IdentC + foreign matter),required,required,required,required,yes,,,,Y,
36,20.02.2026,37,AB092501,Apple and Banana,full panel (IdentA/B + IdentC + foreign matter),required,required,required,required,yes,,,,Y,
37,20.02.2026,38,PM092501,Permanent Market,full panel (IdentA/B + IdentC + foreign matter),required,required,required,required,yes,yes,10.08.2026,,Y,
38,20.02.2026,39,CJ092501,Cap Junky,full panel (IdentA/B + IdentC + foreign matter),required,required,required,required,yes,,,,Y,
39,20.02.2026,40,SJ092501,Sleepy Joy,full panel (IdentA/B + IdentC + foreign matter),required,required,required,required,yes,,,,Y,
40,20.02.2026,41,GP092501,Grape Pie,full panel (IdentA/B + IdentC + foreign matter),required,required,required,required,yes,,,,Y,
41,04.03.2026,42,GRC102501-2,Graps & Creme,full panel (IdentA/B + IdentC + foreign matter),required,required,required,required,yes,,,microbiology; physchem,Y,
42,04.03.2026,43,J31102501,Jokerz 31,full panel (IdentA/B + IdentC + foreign matter),required,required,required,required,yes,,,microbiology; physchem,Y,
43,04.03.2026,45,KC102501,Kush Crasher,full panel (IdentA/B + IdentC + foreign matter),required,required,required,required,yes,,,microbiology; physchem,Y,
44,04.03.2026,46,SJ102501,Sleepy Joy,full panel (IdentA/B + IdentC + foreign matter),required,required,required,required,yes,,,microbiology; physchem,Y,
45,04.03.2026,47,SJ112501,Sleepy Joy,full panel (IdentA/B + IdentC + foreign matter),required,required,required,required,yes,,,microbiology; physchem,Y,
46,05.03.2026,48,OPM112501,Orange Punch Mimosa,full panel (IdentA/B + IdentC + foreign matter),required,required,required,required,yes,,,microbiology; physchem,Y,
47,05.03.2026,49,PM112501,Permanent Market,full panel (IdentA/B + IdentC + foreign matter),required,required,required,required,yes,,,microbiology; physchem,Y,
48,09.04.2026,44,J31112501,Jokerz 31,full panel (IdentA/B + IdentC + foreign matter),required,required,required,required,yes,,,microbiology; physchem,Y,
49,23.04.2026,50,J31122501,Jokerz 31,full panel (IdentA/B + IdentC + foreign matter),required,required,required,required,yes,,,,Y,
50,23.04.2026,51,OPM122501,Orange Punch Mimosa,full panel (IdentA/B + IdentC + foreign matter),required,required,required,required,yes,,,,Y,
51,11.05.2026,11,GP0824_02,Grape Pie,full panel (IdentA/B + IdentC + foreign matter),required,required,required,required,yes,yes,10.08.2026,,Y,
52,11.05.2026,12,GP0824_03,Grape Pie,full panel (IdentA/B + IdentC + foreign matter),required,required,required,required,yes,,,,Y,
53,11.05.2026,21,GP062501,Grape Pie,full panel (IdentA/B + IdentC + foreign matter),required,required,required,required,yes,,,,Y,
54,11.05.2026,52,CC112501,Cash Cow,full panel (IdentA/B + IdentC + foreign matter),required,required,required,required,yes,,,microbiology; physchem,Y,
55,11.05.2026,53,FB012601,Fat Bastard,full panel (IdentA/B + IdentC + foreign matter),required,required,required,required,yes,,,microbiology; physchem,Y,
56,11.05.2026,54,FB112501,Fat Bastard,full panel (IdentA/B + IdentC + foreign matter),required,required,required,required,yes,,,microbiology; physchem,Y,
57,11.05.2026,55,GG012601,Gorilla Glue,full panel (IdentA/B + IdentC + foreign matter),required,required,required,required,yes,,,microbiology; physchem,Y,
58,11.05.2026,56,GG112501,Gorilla Glue,full panel (IdentA/B + IdentC + foreign matter),required,required,required,required,yes,,,microbiology; physchem,Y,
59,11.05.2026,57,JD012601,Jelly Donutz,full panel (IdentA/B + IdentC + foreign matter),required,required,required,required,yes,,,microbiology; physchem,Y,
60,11.05.2026,58,JD112501,Jelly Donutz,full panel (IdentA/B + IdentC + foreign matter),required,required,required,required,yes,,,microbiology; physchem,Y,
61,11.05.2026,59,SCR112501,Scrambler,full panel (IdentA/B + IdentC + foreign matter),required,required,required,required,yes,,,microbiology; physchem,Y,
62,30.06.2026,60,FB012603,Fat Bastard,IdentC only,covered by CNP,covered by CNP,required,covered by CNP,yes,,,microbiology; physchem,Y,
63,30.06.2026,61,FB012603V,FatBastard,IdentC only,covered by CNP,covered by CNP,required,covered by CNP,yes,,,microbiology; physchem,Y,
64,30.06.2026,62,GG012603,GorillaGlue,IdentC only,covered by CNP,covered by CNP,required,covered by CNP,yes,,,microbiology; physchem,Y,
65,30.06.2026,63,JD012603-02,JellyDonutz,IdentC only,covered by CNP,covered by CNP,required,covered by CNP,yes,,,microbiology; physchem,Y,
66,30.06.2026,64,JD012603-02V,JellyDonutz,IdentC only,covered by CNP,covered by CNP,required,covered by CNP,yes,,,microbiology; physchem,Y,
67,30.06.2026,65,JD022601,JellyDonutz,IdentC only,covered by CNP,covered by CNP,required,covered by CNP,yes,,,microbiology; physchem,Y,
68,06.07.2026,66,P160012,GrapePie,IdentC only,covered by CNP,covered by CNP,required,covered by CNP,yes,,,microbiology; physchem,Y,
69,06.07.2026,67,P160022,GrapePie,IdentC only,covered by CNP,covered by CNP,required,covered by CNP,yes,,,microbiology; physchem,Y,
70,06.07.2026,68,P160032,GrapePie,IdentC only,covered by CNP,covered by CNP,required,covered by CNP,yes,,,microbiology; physchem,Y,
71,06.07.2026,69,SCR022601,Scrambler,IdentC only,covered by CNP,covered by CNP,required,covered by CNP,yes,,,microbiology; physchem,Y,
72,21.07.2026,70,FB032601,FatBastard,IdentC only,covered by CNP,covered by CNP,required,covered by CNP,yes,,,microbiology; physchem,Y,
73,21.07.2026,71,GG032601,GorillaGlue,IdentC only,covered by CNP,covered by CNP,required,covered by CNP,yes,,,microbiology; physchem,Y,
74,10.08.2026,72,P060152,Jokerz31,full panel (IdentA/B + IdentC + foreign matter),required,required,required,required,yes,yes,10.08.2026,microbiology; physchem,Y,197-only
75,10.08.2026,73,P060212,JellyDonutz,full panel (IdentA/B + IdentC + foreign matter),required,required,required,required,yes,yes,10.08.2026,microbiology; physchem,Y,197-only
76,10.08.2026,74,P060242,OrangePunchMimosa,full panel (IdentA/B + IdentC + foreign matter),required,required,required,required,yes,yes,10.08.2026,microbiology; physchem,Y,197-only
77,10.08.2026,75,P060332,CashCow,full panel (IdentA/B + IdentC + foreign matter),required,required,required,required,yes,yes,10.08.2026,microbiology; physchem,Y,197-only
78,10.08.2026,76,P060352,FatBastard,full panel (IdentA/B + IdentC + foreign matter),required,required,required,required,yes,yes,10.08.2026,microbiology; physchem,Y,197-only
79,10.08.2026,77,P060382,Scrambler,full panel (IdentA/B + IdentC + foreign matter),required,required,required,required,yes,yes,10.08.2026,microbiology; physchem,Y,197-only
80,10.08.2026,78,P060402,GorillaGlue,full panel (IdentA/B + IdentC + foreign matter),required,required,required,required,yes,yes,10.08.2026,microbiology; physchem,Y,197-only
81,,—,GG1024,Gorilla Glue,full panel (IdentA/B + IdentC + foreign matter),required,required,required,required,yes,,,microbiology; physchem,N,
