code,phenotype,dominance,dom,chemotype,processing,packaging,printed_code,file
QCSP_001_AA-III_v.01,HYBRID,TO BE DETERMINED,,THC,MACHINE TRIMMED,"Triplex Alu Bag | Триплекс Aлу Kеса, PET 12 · ALU 7 · PE 80, 300 × 500 mm, net. 400.0 g ±3%",QCSP 001_AA-III_v.01,BASE_SPCs/AA_Amsterdam_Amnesia_Grade_III.pdf
QCSP_001_AA-II_v.01,HYBRID,TO BE DETERMINED,,THC,MACHINE TRIMMED,"Triplex Alu Bag | Триплекс Aлу Kеса, PET 12 · ALU 7 · PE 80, 300 × 500 mm, net. 400.0 g ±3%",QCSP 001_AA-II_v.01,BASE_SPCs/AA_Amsterdam_Amnesia_Grade_II.pdf
QCSP_001_AA-IV_v.01,HYBRID,TO BE DETERMINED,,THC,MACHINE TRIMMED,"Triplex Alu Bag | Триплекс Aлу Kеса, PET 12 · ALU 7 · PE 80, 300 × 500 mm, net. 400.0 g ±3%",QCSP 001_AA-IV_v.01,BASE_SPCs/AA_Amsterdam_Amnesia_Grade_IV.pdf
QCSP_001_AA-I_v.01,HYBRID,TO BE DETERMINED,,THC,MACHINE TRIMMED,"Triplex Alu Bag | Триплекс Aлу Kеса, PET 12 · ALU 7 · PE 80, 300 × 500 mm, net. 400.0 g ±3%",QCSP 001_AA-I_v.01,BASE_SPCs/AA_Amsterdam_Amnesia_Grade_I.pdf
QCSP_001_AB-III_v.01,HYBRID,TO BE DETERMINED,,THC,MACHINE TRIMMED,"Triplex Alu Bag | Триплекс Aлу Kеса, PET 12 · ALU 7 · PE 80, 300 × 500 mm, net. 400.0 g ±3%",QCSP 001_AB-III_v.01,BASE_SPCs/AB_Apples_Bananas_Grade_III.pdf
QCSP_001_AB-II_v.01,HYBRID,TO BE DETERMINED,,THC,MACHINE TRIMMED,"Triplex Alu Bag | Триплекс Aлу Kеса, PET 12 · ALU 7 · PE 80, 300 × 500 mm, net. 400.0 g ±3%",QCSP 001_AB-II_v.01,BASE_SPCs/AB_Apples_Bananas_Grade_II.pdf
QCSP_001_AB-I_v.01,HYBRID,TO BE DETERMINED,,THC,MACHINE TRIMMED,"Triplex Alu Bag | Триплекс Aлу Kеса, PET 12 · ALU 7 · PE 80, 300 × 500 mm, net. 400.0 g ±3%",QCSP 001_AB-I_v.01,BASE_SPCs/AB_Apples_Bananas_Grade_I.pdf
QCSP_001_AC-III_v.01,HYBRID,TO BE DETERMINED,,THC,MACHINE TRIMMED,"Triplex Alu Bag | Триплекс Aлу Kеса, PET 12 · ALU 7 · PE 80, 300 × 500 mm, net. 400.0 g ±3%",QCSP 001_AC-III_v.01,RENs/AC_Amnesia_Core_Grade_III.pdf
QCSP_001_AC-II_v.01,HYBRID,TO BE DETERMINED,,THC,MACHINE TRIMMED,"Triplex Alu Bag | Триплекс Aлу Kеса, PET 12 · ALU 7 · PE 80, 300 × 500 mm, net. 400.0 g ±3%",QCSP 001_AC-II_v.01,RENs/AC_Amnesia_Core_Grade_II.pdf
QCSP_001_AC-IV_v.01,HYBRID,TO BE DETERMINED,,THC,MACHINE TRIMMED,"Triplex Alu Bag | Триплекс Aлу Kеса, PET 12 · ALU 7 · PE 80, 300 × 500 mm, net. 400.0 g ±3%",QCSP 001_AC-IV_v.01,RENs/AC_Amnesia_Core_Grade_IV.pdf
QCSP_001_AC-I_v.01,HYBRID,TO BE DETERMINED,,THC,MACHINE TRIMMED,"Triplex Alu Bag | Триплекс Aлу Kеса, PET 12 · ALU 7 · PE 80, 300 × 500 mm, net. 400.0 g ±3%",QCSP 001_AC-I_v.01,RENs/AC_Amnesia_Core_Grade_I.pdf
QCSP_001_ACC-III_v.01,HYBRID,TO BE DETERMINED,,THC,MACHINE TRIMMED,"Triplex Alu Bag | Триплекс Aлу Kеса, PET 12 · ALU 7 · PE 80, 300 × 500 mm, net. 400.0 g ±3%",QCSP 001_ACC-III_v.01,BASE_SPCs/ACC_Amnesia_Core_Cut_Grade_III.pdf
QCSP_001_ACC-II_v.01,HYBRID,TO BE DETERMINED,,THC,MACHINE TRIMMED,"Triplex Alu Bag | Триплекс Aлу Kеса, PET 12 · ALU 7 · PE 80, 300 × 500 mm, net. 400.0 g ±3%",QCSP 001_ACC-II_v.01,BASE_SPCs/ACC_Amnesia_Core_Cut_Grade_II.pdf
QCSP_001_ACC-IV_v.01,HYBRID,TO BE DETERMINED,,THC,MACHINE TRIMMED,"Triplex Alu Bag | Триплекс Aлу Kеса, PET 12 · ALU 7 · PE 80, 300 × 500 mm, net. 400.0 g ±3%",QCSP 001_ACC-IV_v.01,BASE_SPCs/ACC_Amnesia_Core_Cut_Grade_IV.pdf
QCSP_001_ACC-I_v.01,HYBRID,TO BE DETERMINED,,THC,MACHINE TRIMMED,"Triplex Alu Bag | Триплекс Aлу Kеса, PET 12 · ALU 7 · PE 80, 300 × 500 mm, net. 400.0 g ±3%",QCSP 001_ACC-I_v.01,BASE_SPCs/ACC_Amnesia_Core_Cut_Grade_I.pdf
QCSP_001_BB-III_v.01,HYBRID,TO BE DETERMINED,,THC,MACHINE TRIMMED,"Triplex Alu Bag | Триплекс Aлу Kеса, PET 12 · ALU 7 · PE 80, 300 × 500 mm, net. 400.0 g ±3%",QCSP 001_BB-III_v.01,BASE_SPCs/BB_Banana_Blaze_Grade_III.pdf
QCSP_001_BB-II_v.01,HYBRID,TO BE DETERMINED,,THC,MACHINE TRIMMED,"Triplex Alu Bag | Триплекс Aлу Kеса, PET 12 · ALU 7 · PE 80, 300 × 500 mm, net. 400.0 g ±3%",QCSP 001_BB-II_v.01,BASE_SPCs/BB_Banana_Blaze_Grade_II.pdf
QCSP_001_BB-IV_v.01,HYBRID,TO BE DETERMINED,,THC,MACHINE TRIMMED,"Triplex Alu Bag | Триплекс Aлу Kеса, PET 12 · ALU 7 · PE 80, 300 × 500 mm, net. 400.0 g ±3%",QCSP 001_BB-IV_v.01,BASE_SPCs/BB_Banana_Blaze_Grade_IV.pdf
QCSP_001_BB-I_v.01,HYBRID,TO BE DETERMINED,,THC,MACHINE TRIMMED,"Triplex Alu Bag | Триплекс Aлу Kеса, PET 12 · ALU 7 · PE 80, 300 × 500 mm, net. 400.0 g ±3%",QCSP 001_BB-I_v.01,BASE_SPCs/BB_Banana_Blaze_Grade_I.pdf
QCSP_001_BC-III_v.01,INDICA,,,THC,MACHINE TRIMMED,"Triplex Alu Bag | Триплекс Aлу Kеса, PET 12 · ALU 7 · PE 80, 300 × 500 mm, net. 400.0 g ±3%",QCSP 001_BC-III_v.01,NEWs/BC_Banana_Cake_Grade_III.pdf
QCSP_001_BC-II_v.01,INDICA,,,THC,MACHINE TRIMMED,"Triplex Alu Bag | Триплекс Aлу Kеса, PET 12 · ALU 7 · PE 80, 300 × 500 mm, net. 400.0 g ±3%",QCSP 001_BC-II_v.01,NEWs/BC_Banana_Cake_Grade_II.pdf
QCSP_001_BC-IV_v.01,INDICA,,,THC,MACHINE TRIMMED,"Triplex Alu Bag | Триплекс Aлу Kеса, PET 12 · ALU 7 · PE 80, 300 × 500 mm, net. 400.0 g ±3%",QCSP 001_BC-IV_v.01,NEWs/BC_Banana_Cake_Grade_IV.pdf
QCSP_001_BC-I_v.01,INDICA,,,THC,MACHINE TRIMMED,"Triplex Alu Bag | Триплекс Aлу Kеса, PET 12 · ALU 7 · PE 80, 300 × 500 mm, net. 400.0 g ±3%",QCSP 001_BC-I_v.01,NEWs/BC_Banana_Cake_Grade_I.pdf
QCSP_001_BG-II_v.01,INDICA,,,THC,MACHINE TRIMMED,"Triplex Alu Bag | Триплекс Aлу Kеса, PET 12 · ALU 7 · PE 80, 300 × 500 mm, net. 400.0 g ±3%",QCSP 001_BG-II_v.01,BASE_SPCs/BG_Blue_Gelato_Grade_II.pdf
QCSP_001_BG-I_v.01,INDICA,,,THC,MACHINE TRIMMED,"Triplex Alu Bag | Триплекс Aлу Kеса, PET 12 · ALU 7 · PE 80, 300 × 500 mm, net. 400.0 g ±3%",QCSP 001_BG-I_v.01,BASE_SPCs/BG_Blue_Gelato_Grade_I.pdf
QCSP_001_BSS-II_v.01,INDICA,,,THC,MACHINE TRIMMED,"Triplex Alu Bag | Триплекс Aлу Kеса, PET 12 · ALU 7 · PE 80, 300 × 500 mm, net. 400.0 g ±3%",QCSP 001_BSS-II_v.01,BASE_SPCs/BSS_Blue_Sunset_Sherbet_Grade_II.pdf
QCSP_001_BSS-I_v.01,INDICA,,,THC,MACHINE TRIMMED,"Triplex Alu Bag | Триплекс Aлу Kеса, PET 12 · ALU 7 · PE 80, 300 × 500 mm, net. 400.0 g ±3%",QCSP 001_BSS-I_v.01,BASE_SPCs/BSS_Blue_Sunset_Sherbet_Grade_I.pdf
QCSP_001_CAL-III_v.01,HYBRID,TO BE DETERMINED,,THC,MACHINE TRIMMED,"Triplex Alu Bag | Триплекс Aлу Kеса, PET 12 · ALU 7 · PE 80, 300 × 500 mm, net. 400.0 g ±3%",QCSP 001_CAL-III_v.01,RENs/CAL_Calmino_Grade_III.pdf
QCSP_001_CAL-II_v.01,HYBRID,TO BE DETERMINED,,THC,MACHINE TRIMMED,"Triplex Alu Bag | Триплекс Aлу Kеса, PET 12 · ALU 7 · PE 80, 300 × 500 mm, net. 400.0 g ±3%",QCSP 001_CAL-II_v.01,RENs/CAL_Calmino_Grade_II.pdf
QCSP_001_CAL-IV_v.01,HYBRID,TO BE DETERMINED,,THC,MACHINE TRIMMED,"Triplex Alu Bag | Триплекс Aлу Kеса, PET 12 · ALU 7 · PE 80, 300 × 500 mm, net. 400.0 g ±3%",QCSP 001_CAL-IV_v.01,RENs/CAL_Calmino_Grade_IV.pdf
QCSP_001_CAL-I_v.01,HYBRID,TO BE DETERMINED,,THC,MACHINE TRIMMED,"Triplex Alu Bag | Триплекс Aлу Kеса, PET 12 · ALU 7 · PE 80, 300 × 500 mm, net. 400.0 g ±3%",QCSP 001_CAL-I_v.01,RENs/CAL_Calmino_Grade_I.pdf
QCSP_001_CB-III_v.01,INDICA,,,THC,MACHINE TRIMMED,"Triplex Alu Bag | Триплекс Aлу Kеса, PET 12 · ALU 7 · PE 80, 300 × 500 mm, net. 400.0 g ±3%",QCSP 001_CB-III_v.01,RENs/CB_Citrus_Bloom_Grade_III.pdf
QCSP_001_CB-II_v.01,INDICA,,,THC,MACHINE TRIMMED,"Triplex Alu Bag | Триплекс Aлу Kеса, PET 12 · ALU 7 · PE 80, 300 × 500 mm, net. 400.0 g ±3%",QCSP 001_CB-II_v.01,RENs/CB_Citrus_Bloom_Grade_II.pdf
QCSP_001_CB-IV_v.01,INDICA,,,THC,MACHINE TRIMMED,"Triplex Alu Bag | Триплекс Aлу Kеса, PET 12 · ALU 7 · PE 80, 300 × 500 mm, net. 400.0 g ±3%",QCSP 001_CB-IV_v.01,T1_rename/CB_Citrus_Bloom_Grade_IV.pdf
QCSP_001_CB-I_v.01,INDICA,,,THC,MACHINE TRIMMED,"Triplex Alu Bag | Триплекс Aлу Kеса, PET 12 · ALU 7 · PE 80, 300 × 500 mm, net. 400.0 g ±3%",QCSP 001_CB-I_v.01,RENs/CB_Citrus_Bloom_Grade_I.pdf
QCSP_001_CC-III_v.01,HYBRID,INDICA 70 : SATIVA 30,Indica dom.,THC,MACHINE TRIMMED,"Triplex Alu Bag | Триплекс Aлу Kеса, PET 12 · ALU 7 · PE 80, 300 × 500 mm, net. 400.0 g ±3%",QCSP 001_CC-III_v.01,BASE_SPCs/CC_Cash_Cow_Grade_III.pdf
QCSP_001_CC-II_v.01,HYBRID,INDICA 70 : SATIVA 30,Indica dom.,THC,MACHINE TRIMMED,"Triplex Alu Bag | Триплекс Aлу Kеса, PET 12 · ALU 7 · PE 80, 300 × 500 mm, net. 400.0 g ±3%",QCSP 001_CC-II_v.01,BASE_SPCs/CC_Cash_Cow_Grade_II.pdf
QCSP_001_CC-I_v.01,HYBRID,INDICA 70 : SATIVA 30,Indica dom.,THC,MACHINE TRIMMED,"Triplex Alu Bag | Триплекс Aлу Kеса, PET 12 · ALU 7 · PE 80, 300 × 500 mm, net. 400.0 g ±3%",QCSP 001_CC-I_v.01,BASE_SPCs/CC_Cash_Cow_Grade_I.pdf
QCSP_001_CF-III_v.01,HYBRID,TO BE DETERMINED,,THC,MACHINE TRIMMED,"Triplex Alu Bag | Триплекс Aлу Kеса, PET 12 · ALU 7 · PE 80, 300 × 500 mm, net. 400.0 g ±3%",QCSP 001_CF-III_v.01,BASE_SPCs/CF_Chem_Flyer_Grade_III.pdf
QCSP_001_CF-II_v.01,HYBRID,TO BE DETERMINED,,THC,MACHINE TRIMMED,"Triplex Alu Bag | Триплекс Aлу Kеса, PET 12 · ALU 7 · PE 80, 300 × 500 mm, net. 400.0 g ±3%",QCSP 001_CF-II_v.01,BASE_SPCs/CF_Chem_Flyer_Grade_II.pdf
QCSP_001_CF-IV_v.01,HYBRID,TO BE DETERMINED,,THC,MACHINE TRIMMED,"Triplex Alu Bag | Триплекс Aлу Kеса, PET 12 · ALU 7 · PE 80, 300 × 500 mm, net. 400.0 g ±3%",QCSP 001_CF-IV_v.01,BASE_SPCs/CF_Chem_Flyer_Grade_IV.pdf
QCSP_001_CF-I_v.01,HYBRID,TO BE DETERMINED,,THC,MACHINE TRIMMED,"Triplex Alu Bag | Триплекс Aлу Kеса, PET 12 · ALU 7 · PE 80, 300 × 500 mm, net. 400.0 g ±3%",QCSP 001_CF-I_v.01,BASE_SPCs/CF_Chem_Flyer_Grade_I.pdf
QCSP_001_CHA-III_v.01,HYBRID,TO BE DETERMINED,,CBD,MACHINE TRIMMED,"Triplex Alu Bag | Триплекс Aлу Kеса, PET 12 · ALU 7 · PE 80, 300 × 500 mm, net. 400.0 g ±3%",QCSP 001_CHA-III_v.01,BASE_SPCs/CHA_CBD_Charlotte_s_Angel_Grade_III.pdf
QCSP_001_CHA-II_v.01,HYBRID,TO BE DETERMINED,,CBD,MACHINE TRIMMED,"Triplex Alu Bag | Триплекс Aлу Kеса, PET 12 · ALU 7 · PE 80, 300 × 500 mm, net. 400.0 g ±3%",QCSP 001_CHA-II_v.01,BASE_SPCs/CHA_CBD_Charlotte_s_Angel_Grade_II.pdf
QCSP_001_CHA-IV_v.01,HYBRID,TO BE DETERMINED,,CBD,MACHINE TRIMMED,"Triplex Alu Bag | Триплекс Aлу Kеса, PET 12 · ALU 7 · PE 80, 300 × 500 mm, net. 400.0 g ±3%",QCSP 001_CHA-IV_v.01,BASE_SPCs/CHA_CBD_Charlotte_s_Angel_Grade_IV.pdf
QCSP_001_CHA-I_v.01,HYBRID,TO BE DETERMINED,,CBD,MACHINE TRIMMED,"Triplex Alu Bag | Триплекс Aлу Kеса, PET 12 · ALU 7 · PE 80, 300 × 500 mm, net. 400.0 g ±3%",QCSP 001_CHA-I_v.01,BASE_SPCs/CHA_CBD_Charlotte_s_Angel_Grade_I.pdf
QCSP_001_CHC-III_v.01,INDICA,,,THC,MACHINE TRIMMED,"Triplex Alu Bag | Триплекс Aлу Kеса, PET 12 · ALU 7 · PE 80, 300 × 500 mm, net. 400.0 g ±3%",QCSP 001_CHC-III_v.01,RENs/CHC_Cherry_Chocolate_Grade_III.pdf
QCSP_001_CHC-II_v.01,INDICA,,,THC,MACHINE TRIMMED,"Triplex Alu Bag | Триплекс Aлу Kеса, PET 12 · ALU 7 · PE 80, 300 × 500 mm, net. 400.0 g ±3%",QCSP 001_CHC-II_v.01,RENs/CHC_Cherry_Chocolate_Grade_II.pdf
QCSP_001_CHC-I_v.01,INDICA,,,THC,MACHINE TRIMMED,"Triplex Alu Bag | Триплекс Aлу Kеса, PET 12 · ALU 7 · PE 80, 300 × 500 mm, net. 400.0 g ±3%",QCSP 001_CHC-I_v.01,RENs/CHC_Cherry_Chocolate_Grade_I.pdf
QCSP_001_CJ-III_v.01,HYBRID,INDICA 60 : SATIVA 40,Indica dom.,THC,MACHINE TRIMMED,"Triplex Alu Bag | Триплекс Aлу Kеса, PET 12 · ALU 7 · PE 80, 300 × 500 mm, net. 400.0 g ±3%",QCSP 001_CJ-III_v.01,BASE_SPCs/CJ_Cap_Junky_Grade_III.pdf
QCSP_001_CJ-II_v.01,HYBRID,INDICA 60 : SATIVA 40,Indica dom.,THC,MACHINE TRIMMED,"Triplex Alu Bag | Триплекс Aлу Kеса, PET 12 · ALU 7 · PE 80, 300 × 500 mm, net. 400.0 g ±3%",QCSP 001_CJ-II_v.01,BASE_SPCs/CJ_Cap_Junky_Grade_II.pdf
QCSP_001_CJ-I_v.01,HYBRID,INDICA 60 : SATIVA 40,Indica dom.,THC,MACHINE TRIMMED,"Triplex Alu Bag | Триплекс Aлу Kеса, PET 12 · ALU 7 · PE 80, 300 × 500 mm, net. 400.0 g ±3%",QCSP 001_CJ-I_v.01,BASE_SPCs/CJ_Cap_Junky_Grade_I.pdf
QCSP_001_CK-III_v.01,HYBRID,TO BE DETERMINED,,THC,MACHINE TRIMMED,"Triplex Alu Bag | Триплекс Aлу Kеса, PET 12 · ALU 7 · PE 80, 300 × 500 mm, net. 400.0 g ±3%",QCSP 001_CK-III_v.01,RENs/CK_Cookie_Kush_Grade_III.pdf
QCSP_001_CK-II_v.01,HYBRID,TO BE DETERMINED,,THC,MACHINE TRIMMED,"Triplex Alu Bag | Триплекс Aлу Kеса, PET 12 · ALU 7 · PE 80, 300 × 500 mm, net. 400.0 g ±3%",QCSP 001_CK-II_v.01,T1_rename/CK_Cookie_Kush_Grade_II.pdf
QCSP_001_CK-I_v.01,HYBRID,TO BE DETERMINED,,THC,MACHINE TRIMMED,"Triplex Alu Bag | Триплекс Aлу Kеса, PET 12 · ALU 7 · PE 80, 300 × 500 mm, net. 400.0 g ±3%",QCSP 001_CK-I_v.01,RENs/CK_Cookie_Kush_Grade_I.pdf
QCSP_001_CLE-III_v.01,HYBRID,TO BE DETERMINED,,THC,MACHINE TRIMMED,"Triplex Alu Bag | Триплекс Aлу Kеса, PET 12 · ALU 7 · PE 80, 300 × 500 mm, net. 400.0 g ±3%",QCSP 001_CLE-III_v.01,BASE_SPCs/CLE_Clemosa_Grade_III.pdf
QCSP_001_CLE-II_v.01,HYBRID,TO BE DETERMINED,,THC,MACHINE TRIMMED,"Triplex Alu Bag | Триплекс Aлу Kеса, PET 12 · ALU 7 · PE 80, 300 × 500 mm, net. 400.0 g ±3%",QCSP 001_CLE-II_v.01,BASE_SPCs/CLE_Clemosa_Grade_II.pdf
QCSP_001_CLE-IV_v.01,HYBRID,TO BE DETERMINED,,THC,MACHINE TRIMMED,"Triplex Alu Bag | Триплекс Aлу Kеса, PET 12 · ALU 7 · PE 80, 300 × 500 mm, net. 400.0 g ±3%",QCSP 001_CLE-IV_v.01,BASE_SPCs/CLE_Clemosa_Grade_IV.pdf
QCSP_001_CLE-I_v.01,HYBRID,TO BE DETERMINED,,THC,MACHINE TRIMMED,"Triplex Alu Bag | Триплекс Aлу Kеса, PET 12 · ALU 7 · PE 80, 300 × 500 mm, net. 400.0 g ±3%",QCSP 001_CLE-I_v.01,BASE_SPCs/CLE_Clemosa_Grade_I.pdf
QCSP_001_CLE-V_v.01,HYBRID,TO BE DETERMINED,,THC,MACHINE TRIMMED,"Triplex Alu Bag | Триплекс Aлу Kеса, PET 12 · ALU 7 · PE 80, 300 × 500 mm, net. 400.0 g ±3%",QCSP 001_CLE-V_v.01,BASE_SPCs/CLE_Clemosa_Grade_V.pdf
QCSP_001_COP-III_v.01,HYBRID,TO BE DETERMINED,,THC,MACHINE TRIMMED,"Triplex Alu Bag | Триплекс Aлу Kеса, PET 12 · ALU 7 · PE 80, 300 × 500 mm, net. 400.0 g ±3%",QCSP 001_COP-III_v.01,BASE_SPCs/COP_Critical_Orange_Punch_Grade_III.pdf
QCSP_001_COP-II_v.01,HYBRID,TO BE DETERMINED,,THC,MACHINE TRIMMED,"Triplex Alu Bag | Триплекс Aлу Kеса, PET 12 · ALU 7 · PE 80, 300 × 500 mm, net. 400.0 g ±3%",QCSP 001_COP-II_v.01,BASE_SPCs/COP_Critical_Orange_Punch_Grade_II.pdf
QCSP_001_COP-IV_v.01,HYBRID,TO BE DETERMINED,,THC,MACHINE TRIMMED,"Triplex Alu Bag | Триплекс Aлу Kеса, PET 12 · ALU 7 · PE 80, 300 × 500 mm, net. 400.0 g ±3%",QCSP 001_COP-IV_v.01,BASE_SPCs/COP_Critical_Orange_Punch_Grade_IV.pdf
QCSP_001_COP-I_v.01,HYBRID,TO BE DETERMINED,,THC,MACHINE TRIMMED,"Triplex Alu Bag | Триплекс Aлу Kеса, PET 12 · ALU 7 · PE 80, 300 × 500 mm, net. 400.0 g ±3%",QCSP 001_COP-I_v.01,BASE_SPCs/COP_Critical_Orange_Punch_Grade_I.pdf
QCSP_001_DI8-III_v.01,INDICA,,,THC,MACHINE TRIMMED,"Triplex Alu Bag | Триплекс Aлу Kеса, PET 12 · ALU 7 · PE 80, 300 × 500 mm, net. 400.0 g ±3%",QCSP 001_DI8-III_v.01,NEWs/DI8_Dante_s_Inferno_8_Grade_III.pdf
QCSP_001_DI8-II_v.01,INDICA,,,THC,MACHINE TRIMMED,"Triplex Alu Bag | Триплекс Aлу Kеса, PET 12 · ALU 7 · PE 80, 300 × 500 mm, net. 400.0 g ±3%",QCSP 001_DI8-II_v.01,NEWs/DI8_Dante_s_Inferno_8_Grade_II.pdf
QCSP_001_DI8-IV_v.01,INDICA,,,THC,MACHINE TRIMMED,"Triplex Alu Bag | Триплекс Aлу Kеса, PET 12 · ALU 7 · PE 80, 300 × 500 mm, net. 400.0 g ±3%",QCSP 001_DI8-IV_v.01,NEWs/DI8_Dante_s_Inferno_8_Grade_IV.pdf
QCSP_001_DI8-I_v.01,INDICA,,,THC,MACHINE TRIMMED,"Triplex Alu Bag | Триплекс Aлу Kеса, PET 12 · ALU 7 · PE 80, 300 × 500 mm, net. 400.0 g ±3%",QCSP 001_DI8-I_v.01,NEWs/DI8_Dante_s_Inferno_8_Grade_I.pdf
QCSP_001_DW-III_v.01,HYBRID,TO BE DETERMINED,,THC,MACHINE TRIMMED,"Triplex Alu Bag | Триплекс Aлу Kеса, PET 12 · ALU 7 · PE 80, 300 × 500 mm, net. 400.0 g ±3%",QCSP 001_DW-III_v.01,RENs/DW_Daywalker_Grade_III.pdf
QCSP_001_DW-II_v.01,HYBRID,TO BE DETERMINED,,THC,MACHINE TRIMMED,"Triplex Alu Bag | Триплекс Aлу Kеса, PET 12 · ALU 7 · PE 80, 300 × 500 mm, net. 400.0 g ±3%",QCSP 001_DW-II_v.01,RENs/DW_Daywalker_Grade_II.pdf
QCSP_001_DW-I_v.01,HYBRID,TO BE DETERMINED,,THC,MACHINE TRIMMED,"Triplex Alu Bag | Триплекс Aлу Kеса, PET 12 · ALU 7 · PE 80, 300 × 500 mm, net. 400.0 g ±3%",QCSP 001_DW-I_v.01,RENs/DW_Daywalker_Grade_I.pdf
QCSP_001_F1-III_v.01,HYBRID,TO BE DETERMINED,,THC,MACHINE TRIMMED,"Triplex Alu Bag | Триплекс Aлу Kеса, PET 12 · ALU 7 · PE 80, 300 × 500 mm, net. 400.0 g ±3%",QCSP 001_F1-III_v.01,T1_rename/F1_Formula_1_Grade_III.pdf
QCSP_001_F1-II_v.01,HYBRID,TO BE DETERMINED,,THC,MACHINE TRIMMED,"Triplex Alu Bag | Триплекс Aлу Kеса, PET 12 · ALU 7 · PE 80, 300 × 500 mm, net. 400.0 g ±3%",QCSP 001_F1-II_v.01,RENs/F1_Formula_1_Grade_II.pdf
QCSP_001_F1-IV_v.01,HYBRID,TO BE DETERMINED,,THC,MACHINE TRIMMED,"Triplex Alu Bag | Триплекс Aлу Kеса, PET 12 · ALU 7 · PE 80, 300 × 500 mm, net. 400.0 g ±3%",QCSP 001_F1-IV_v.01,RENs/F1_Formula_1_Grade_IV.pdf
QCSP_001_F1-I_v.01,HYBRID,TO BE DETERMINED,,THC,MACHINE TRIMMED,"Triplex Alu Bag | Триплекс Aлу Kеса, PET 12 · ALU 7 · PE 80, 300 × 500 mm, net. 400.0 g ±3%",QCSP 001_F1-I_v.01,RENs/F1_Formula_1_Grade_I.pdf
QCSP_001_FB-III_v.01,HYBRID,BALANCED,,THC,MACHINE TRIMMED,"Triplex Alu Bag | Триплекс Aлу Kеса, PET 12 · ALU 7 · PE 80, 300 × 500 mm, net. 400.0 g ±3%",QCSP 001_FB-III_v.01,BASE_SPCs/FB_Fat_Bastard_Grade_III.pdf
QCSP_001_FB-II_v.01,HYBRID,BALANCED,,THC,MACHINE TRIMMED,"Triplex Alu Bag | Триплекс Aлу Kеса, PET 12 · ALU 7 · PE 80, 300 × 500 mm, net. 400.0 g ±3%",QCSP 001_FB-II_v.01,BASE_SPCs/FB_Fat_Bastard_Grade_II.pdf
QCSP_001_FB-I_v.01,HYBRID,BALANCED,,THC,MACHINE TRIMMED,"Triplex Alu Bag | Триплекс Aлу Kеса, PET 12 · ALU 7 · PE 80, 300 × 500 mm, net. 400.0 g ±3%",QCSP 001_FB-I_v.01,BASE_SPCs/FB_Fat_Bastard_Grade_I.pdf
QCSP_001_FC-III_v.01,INDICA,,,THC,MACHINE TRIMMED,"Triplex Alu Bag | Триплекс Aлу Kеса, PET 12 · ALU 7 · PE 80, 300 × 500 mm, net. 400.0 g ±3%",QCSP 001_FC-III_v.01,NEWs/FC_Frosted_Cookies_Grade_III.pdf
QCSP_001_FC-II_v.01,INDICA,,,THC,MACHINE TRIMMED,"Triplex Alu Bag | Триплекс Aлу Kеса, PET 12 · ALU 7 · PE 80, 300 × 500 mm, net. 400.0 g ±3%",QCSP 001_FC-II_v.01,NEWs/FC_Frosted_Cookies_Grade_II.pdf
QCSP_001_FC-IV_v.01,INDICA,,,THC,MACHINE TRIMMED,"Triplex Alu Bag | Триплекс Aлу Kеса, PET 12 · ALU 7 · PE 80, 300 × 500 mm, net. 400.0 g ±3%",QCSP 001_FC-IV_v.01,NEWs/FC_Frosted_Cookies_Grade_IV.pdf
QCSP_001_FC-I_v.01,INDICA,,,THC,MACHINE TRIMMED,"Triplex Alu Bag | Триплекс Aлу Kеса, PET 12 · ALU 7 · PE 80, 300 × 500 mm, net. 400.0 g ±3%",QCSP 001_FC-I_v.01,NEWs/FC_Frosted_Cookies_Grade_I.pdf
QCSP_001_FS-III_v.01,HYBRID,TO BE DETERMINED,,THC,MACHINE TRIMMED,"Triplex Alu Bag | Триплекс Aлу Kеса, PET 12 · ALU 7 · PE 80, 300 × 500 mm, net. 400.0 g ±3%",QCSP 001_FS-III_v.01,RENs/FS_Fat_Sofa_Grade_III.pdf
QCSP_001_FS-II_v.01,HYBRID,TO BE DETERMINED,,THC,MACHINE TRIMMED,"Triplex Alu Bag | Триплекс Aлу Kеса, PET 12 · ALU 7 · PE 80, 300 × 500 mm, net. 400.0 g ±3%",QCSP 001_FS-II_v.01,T1_rename/FS_Fat_Sofa_Grade_II.pdf
QCSP_001_FS-I_v.01,HYBRID,TO BE DETERMINED,,THC,MACHINE TRIMMED,"Triplex Alu Bag | Триплекс Aлу Kеса, PET 12 · ALU 7 · PE 80, 300 × 500 mm, net. 400.0 g ±3%",QCSP 001_FS-I_v.01,RENs/FS_Fat_Sofa_Grade_I.pdf
QCSP_001_GEL-III_v.01,INDICA,,,THC,MACHINE TRIMMED,"Triplex Alu Bag | Триплекс Aлу Kеса, PET 12 · ALU 7 · PE 80, 300 × 500 mm, net. 400.0 g ±3%",QCSP 001_GEL-III_v.01,NEWs/GEL_Gelair_Grade_III.pdf
QCSP_001_GEL-II_v.01,INDICA,,,THC,MACHINE TRIMMED,"Triplex Alu Bag | Триплекс Aлу Kеса, PET 12 · ALU 7 · PE 80, 300 × 500 mm, net. 400.0 g ±3%",QCSP 001_GEL-II_v.01,NEWs/GEL_Gelair_Grade_II.pdf
QCSP_001_GEL-IV_v.01,INDICA,,,THC,MACHINE TRIMMED,"Triplex Alu Bag | Триплекс Aлу Kеса, PET 12 · ALU 7 · PE 80, 300 × 500 mm, net. 400.0 g ±3%",QCSP 001_GEL-IV_v.01,NEWs/GEL_Gelair_Grade_IV.pdf
QCSP_001_GEL-I_v.01,INDICA,,,THC,MACHINE TRIMMED,"Triplex Alu Bag | Триплекс Aлу Kеса, PET 12 · ALU 7 · PE 80, 300 × 500 mm, net. 400.0 g ±3%",QCSP 001_GEL-I_v.01,NEWs/GEL_Gelair_Grade_I.pdf
QCSP_001_GG-III_v.01,INDICA,,,THC,MACHINE TRIMMED,"Triplex Alu Bag | Триплекс Aлу Kеса, PET 12 · ALU 7 · PE 80, 300 × 500 mm, net. 400.0 g ±3%",QCSP 001_GG-III_v.01,BASE_SPCs/GG_Gorilla_Glue_Grade_III.pdf
QCSP_001_GG-II_v.01,INDICA,,,THC,MACHINE TRIMMED,"Triplex Alu Bag | Триплекс Aлу Kеса, PET 12 · ALU 7 · PE 80, 300 × 500 mm, net. 400.0 g ±3%",QCSP 001_GG-II_v.01,BASE_SPCs/GG_Gorilla_Glue_Grade_II.pdf
QCSP_001_GG-I_v.01,INDICA,,,THC,MACHINE TRIMMED,"Triplex Alu Bag | Триплекс Aлу Kеса, PET 12 · ALU 7 · PE 80, 300 × 500 mm, net. 400.0 g ±3%",QCSP 001_GG-I_v.01,BASE_SPCs/GG_Gorilla_Glue_Grade_I.pdf
QCSP_001_GG4-III_v.01,INDICA,,,THC,MACHINE TRIMMED,"Triplex Alu Bag | Триплекс Aлу Kеса, PET 12 · ALU 7 · PE 80, 300 × 500 mm, net. 400.0 g ±3%",QCSP 001_GG4-III_v.01,T1/GG4_Grade_III.pdf
QCSP_001_GG4-II_v.01,INDICA,,,THC,MACHINE TRIMMED,"Triplex Alu Bag | Триплекс Aлу Kеса, PET 12 · ALU 7 · PE 80, 300 × 500 mm, net. 400.0 g ±3%",QCSP 001_GG4-II_v.01,NEWs/GG4_Grade_II.pdf
QCSP_001_GG4-IV_v.01,INDICA,,,THC,MACHINE TRIMMED,"Triplex Alu Bag | Триплекс Aлу Kеса, PET 12 · ALU 7 · PE 80, 300 × 500 mm, net. 400.0 g ±3%",QCSP 001_GG4-IV_v.01,T3/GG4_Grade_IV.pdf
QCSP_001_GG4-I_v.01,INDICA,,,THC,MACHINE TRIMMED,"Triplex Alu Bag | Триплекс Aлу Kеса, PET 12 · ALU 7 · PE 80, 300 × 500 mm, net. 400.0 g ±3%",QCSP 001_GG4-I_v.01,NEWs/GG4_Grade_I.pdf
QCSP_001_GNG-III_v.01,INDICA,,,THC,MACHINE TRIMMED,"Triplex Alu Bag | Триплекс Aлу Kеса, PET 12 · ALU 7 · PE 80, 300 × 500 mm, net. 400.0 g ±3%",QCSP 001_GNG-III_v.01,T1_rename/GNG_Gorilla_Gang_Grade_III.pdf
QCSP_001_GNG-II_v.01,INDICA,,,THC,MACHINE TRIMMED,"Triplex Alu Bag | Триплекс Aлу Kеса, PET 12 · ALU 7 · PE 80, 300 × 500 mm, net. 400.0 g ±3%",QCSP 001_GNG-II_v.01,RENs/GNG_Gorilla_Gang_Grade_II.pdf
QCSP_001_GNG-I_v.01,INDICA,,,THC,MACHINE TRIMMED,"Triplex Alu Bag | Триплекс Aлу Kеса, PET 12 · ALU 7 · PE 80, 300 × 500 mm, net. 400.0 g ±3%",QCSP 001_GNG-I_v.01,RENs/GNG_Gorilla_Gang_Grade_I.pdf
QCSP_001_GOG-III_v.01,HYBRID,TO BE DETERMINED,,THC,MACHINE TRIMMED,"Triplex Alu Bag | Триплекс Aлу Kеса, PET 12 · ALU 7 · PE 80, 300 × 500 mm, net. 400.0 g ±3%",QCSP 001_GOG-III_v.01,BASE_SPCs/GOG_Glueberry_O_G_Grade_III.pdf
QCSP_001_GOG-II_v.01,HYBRID,TO BE DETERMINED,,THC,MACHINE TRIMMED,"Triplex Alu Bag | Триплекс Aлу Kеса, PET 12 · ALU 7 · PE 80, 300 × 500 mm, net. 400.0 g ±3%",QCSP 001_GOG-II_v.01,BASE_SPCs/GOG_Glueberry_O_G_Grade_II.pdf
QCSP_001_GOG-IV_v.01,HYBRID,TO BE DETERMINED,,THC,MACHINE TRIMMED,"Triplex Alu Bag | Триплекс Aлу Kеса, PET 12 · ALU 7 · PE 80, 300 × 500 mm, net. 400.0 g ±3%",QCSP 001_GOG-IV_v.01,BASE_SPCs/GOG_Glueberry_O_G_Grade_IV.pdf
QCSP_001_GOG-I_v.01,HYBRID,TO BE DETERMINED,,THC,MACHINE TRIMMED,"Triplex Alu Bag | Триплекс Aлу Kеса, PET 12 · ALU 7 · PE 80, 300 × 500 mm, net. 400.0 g ±3%",QCSP 001_GOG-I_v.01,BASE_SPCs/GOG_Glueberry_O_G_Grade_I.pdf
QCSP_001_GP-III_v.01,HYBRID,INDICA-DOMINANT,Indica dom.,THC,MACHINE TRIMMED,"Triplex Alu Bag | Триплекс Aлу Kеса, PET 12 · ALU 7 · PE 80, 300 × 500 mm, net. 400.0 g ±3%",QCSP 001_GP-III_v.01,BASE_SPCs/GP_Grape_Pie_Grade_III.pdf
QCSP_001_GP-II_v.01,HYBRID,INDICA-DOMINANT,Indica dom.,THC,MACHINE TRIMMED,"Triplex Alu Bag | Триплекс Aлу Kеса, PET 12 · ALU 7 · PE 80, 300 × 500 mm, net. 400.0 g ±3%",QCSP 001_GP-II_v.01,BASE_SPCs/GP_Grape_Pie_Grade_II.pdf
QCSP_001_GP-IV_v.01,HYBRID,INDICA-DOMINANT,Indica dom.,THC,MACHINE TRIMMED,"Triplex Alu Bag | Триплекс Aлу Kеса, PET 12 · ALU 7 · PE 80, 300 × 500 mm, net. 400.0 g ±3%",QCSP 001_GP-IV_v.01,BASE_SPCs/GP_Grape_Pie_Grade_IV.pdf
QCSP_001_GP-I_v.01,HYBRID,INDICA-DOMINANT,Indica dom.,THC,MACHINE TRIMMED,"Triplex Alu Bag | Триплекс Aлу Kеса, PET 12 · ALU 7 · PE 80, 300 × 500 mm, net. 400.0 g ±3%",QCSP 001_GP-I_v.01,BASE_SPCs/GP_Grape_Pie_Grade_I.pdf
QCSP_001_GRC-III_v.01,HYBRID,TO BE DETERMINED,,THC,MACHINE TRIMMED,"Triplex Alu Bag | Триплекс Aлу Kеса, PET 12 · ALU 7 · PE 80, 300 × 500 mm, net. 400.0 g ±3%",QCSP 001_GRC-III_v.01,BASE_SPCs/GRC_Graps_Cr_me_Grade_III.pdf
QCSP_001_GRC-II_v.01,HYBRID,TO BE DETERMINED,,THC,MACHINE TRIMMED,"Triplex Alu Bag | Триплекс Aлу Kеса, PET 12 · ALU 7 · PE 80, 300 × 500 mm, net. 400.0 g ±3%",QCSP 001_GRC-II_v.01,BASE_SPCs/GRC_Graps_Cr_me_Grade_II.pdf
QCSP_001_GRC-IV_v.01,HYBRID,TO BE DETERMINED,,THC,MACHINE TRIMMED,"Triplex Alu Bag | Триплекс Aлу Kеса, PET 12 · ALU 7 · PE 80, 300 × 500 mm, net. 400.0 g ±3%",QCSP 001_GRC-IV_v.01,BASE_SPCs/GRC_Graps_Cr_me_Grade_IV.pdf
QCSP_001_GRC-I_v.01,HYBRID,TO BE DETERMINED,,THC,MACHINE TRIMMED,"Triplex Alu Bag | Триплекс Aлу Kеса, PET 12 · ALU 7 · PE 80, 300 × 500 mm, net. 400.0 g ±3%",QCSP 001_GRC-I_v.01,BASE_SPCs/GRC_Graps_Cr_me_Grade_I.pdf
QCSP_001_HD-III_v.01,SATIVA,,,THC,MACHINE TRIMMED,"Triplex Alu Bag | Триплекс Aлу Kеса, PET 12 · ALU 7 · PE 80, 300 × 500 mm, net. 400.0 g ±3%",QCSP 001_HD-III_v.01,RENs/HD_Hazy_Daze_Grade_III.pdf
QCSP_001_HD-II_v.01,SATIVA,,,THC,MACHINE TRIMMED,"Triplex Alu Bag | Триплекс Aлу Kеса, PET 12 · ALU 7 · PE 80, 300 × 500 mm, net. 400.0 g ±3%",QCSP 001_HD-II_v.01,T1_rename/HD_Hazy_Daze_Grade_II.pdf
QCSP_001_HD-I_v.01,SATIVA,,,THC,MACHINE TRIMMED,"Triplex Alu Bag | Триплекс Aлу Kеса, PET 12 · ALU 7 · PE 80, 300 × 500 mm, net. 400.0 g ±3%",QCSP 001_HD-I_v.01,RENs/HD_Hazy_Daze_Grade_I.pdf
QCSP_001_HFG-III_v.01,HYBRID,TO BE DETERMINED,,THC,MACHINE TRIMMED,"Triplex Alu Bag | Триплекс Aлу Kеса, PET 12 · ALU 7 · PE 80, 300 × 500 mm, net. 400.0 g ±3%",QCSP 001_HFG-III_v.01,BASE_SPCs/HFG_HiFi_4G_Grade_III.pdf
QCSP_001_HFG-II_v.01,HYBRID,TO BE DETERMINED,,THC,MACHINE TRIMMED,"Triplex Alu Bag | Триплекс Aлу Kеса, PET 12 · ALU 7 · PE 80, 300 × 500 mm, net. 400.0 g ±3%",QCSP 001_HFG-II_v.01,BASE_SPCs/HFG_HiFi_4G_Grade_II.pdf
QCSP_001_HFG-IV_v.01,HYBRID,TO BE DETERMINED,,THC,MACHINE TRIMMED,"Triplex Alu Bag | Триплекс Aлу Kеса, PET 12 · ALU 7 · PE 80, 300 × 500 mm, net. 400.0 g ±3%",QCSP 001_HFG-IV_v.01,BASE_SPCs/HFG_HiFi_4G_Grade_IV.pdf
QCSP_001_HFG-I_v.01,HYBRID,TO BE DETERMINED,,THC,MACHINE TRIMMED,"Triplex Alu Bag | Триплекс Aлу Kеса, PET 12 · ALU 7 · PE 80, 300 × 500 mm, net. 400.0 g ±3%",QCSP 001_HFG-I_v.01,BASE_SPCs/HFG_HiFi_4G_Grade_I.pdf
QCSP_001_HPA-III_v.01,SATIVA,,,THC,MACHINE TRIMMED,"Triplex Alu Bag | Триплекс Aлу Kеса, PET 12 · ALU 7 · PE 80, 300 × 500 mm, net. 400.0 g ±3%",QCSP 001_HPA-III_v.01,BASE_SPCs/HPA_High_Pro_Amnesia_Grade_III.pdf
QCSP_001_HPA-II_v.01,SATIVA,,,THC,MACHINE TRIMMED,"Triplex Alu Bag | Триплекс Aлу Kеса, PET 12 · ALU 7 · PE 80, 300 × 500 mm, net. 400.0 g ±3%",QCSP 001_HPA-II_v.01,BASE_SPCs/HPA_High_Pro_Amnesia_Grade_II.pdf
QCSP_001_HPA-I_v.01,SATIVA,,,THC,MACHINE TRIMMED,"Triplex Alu Bag | Триплекс Aлу Kеса, PET 12 · ALU 7 · PE 80, 300 × 500 mm, net. 400.0 g ±3%",QCSP 001_HPA-I_v.01,BASE_SPCs/HPA_High_Pro_Amnesia_Grade_I.pdf
QCSP_001_J31-II_v.01,HYBRID,INDICA 70 : SATIVA 30,Indica dom.,THC,MACHINE TRIMMED,"Triplex Alu Bag | Триплекс Aлу Kеса, PET 12 · ALU 7 · PE 80, 300 × 500 mm, net. 400.0 g ±3%",QCSP 001_J31-II_v.01,BASE_SPCs/J31_Jokerz_31_Grade_II.pdf
QCSP_001_J31-I_v.01,HYBRID,INDICA 70 : SATIVA 30,Indica dom.,THC,MACHINE TRIMMED,"Triplex Alu Bag | Триплекс Aлу Kеса, PET 12 · ALU 7 · PE 80, 300 × 500 mm, net. 400.0 g ±3%",QCSP 001_J31-I_v.01,BASE_SPCs/J31_Jokerz_31_Grade_I.pdf
QCSP_001_JD-III_v.01,HYBRID,SATIVA 60 : INDICA 40,Sativa dom.,THC,MACHINE TRIMMED,"Triplex Alu Bag | Триплекс Aлу Kеса, PET 12 · ALU 7 · PE 80, 300 × 500 mm, net. 400.0 g ±3%",QCSP 001_JD-III_v.01,BASE_SPCs/JD_Jelly_Donutz_Grade_III.pdf
QCSP_001_JD-II_v.01,HYBRID,SATIVA 60 : INDICA 40,Sativa dom.,THC,MACHINE TRIMMED,"Triplex Alu Bag | Триплекс Aлу Kеса, PET 12 · ALU 7 · PE 80, 300 × 500 mm, net. 400.0 g ±3%",QCSP 001_JD-II_v.01,BASE_SPCs/JD_Jelly_Donutz_Grade_II.pdf
QCSP_001_JD-IV_v.01,HYBRID,SATIVA 60 : INDICA 40,Sativa dom.,THC,MACHINE TRIMMED,"Triplex Alu Bag | Триплекс Aлу Kеса, PET 12 · ALU 7 · PE 80, 300 × 500 mm, net. 400.0 g ±3%",QCSP 001_JD-IV_v.01,BASE_SPCs/JD_Jelly_Donutz_Grade_IV.pdf
QCSP_001_JD-I_v.01,HYBRID,SATIVA 60 : INDICA 40,Sativa dom.,THC,MACHINE TRIMMED,"Triplex Alu Bag | Триплекс Aлу Kеса, PET 12 · ALU 7 · PE 80, 300 × 500 mm, net. 400.0 g ±3%",QCSP 001_JD-I_v.01,BASE_SPCs/JD_Jelly_Donutz_Grade_I.pdf
QCSP_001_JR-III_v.01,INDICA,,,THC,MACHINE TRIMMED,"Triplex Alu Bag | Триплекс Aлу Kеса, PET 12 · ALU 7 · PE 80, 300 × 500 mm, net. 400.0 g ±3%",QCSP 001_JR-III_v.01,NEWs/JR_Jelly_Rancher_Grade_III.pdf
QCSP_001_JR-II_v.01,INDICA,,,THC,MACHINE TRIMMED,"Triplex Alu Bag | Триплекс Aлу Kеса, PET 12 · ALU 7 · PE 80, 300 × 500 mm, net. 400.0 g ±3%",QCSP 001_JR-II_v.01,NEWs/JR_Jelly_Rancher_Grade_II.pdf
QCSP_001_JR-IV_v.01,INDICA,,,THC,MACHINE TRIMMED,"Triplex Alu Bag | Триплекс Aлу Kеса, PET 12 · ALU 7 · PE 80, 300 × 500 mm, net. 400.0 g ±3%",QCSP 001_JR-IV_v.01,NEWs/JR_Jelly_Rancher_Grade_IV.pdf
QCSP_001_JR-I_v.01,INDICA,,,THC,MACHINE TRIMMED,"Triplex Alu Bag | Триплекс Aлу Kеса, PET 12 · ALU 7 · PE 80, 300 × 500 mm, net. 400.0 g ±3%",QCSP 001_JR-I_v.01,NEWs/JR_Jelly_Rancher_Grade_I.pdf
QCSP_001_KC-III_v.01,INDICA,,,THC,MACHINE TRIMMED,"Triplex Alu Bag | Триплекс Aлу Kеса, PET 12 · ALU 7 · PE 80, 300 × 500 mm, net. 400.0 g ±3%",QCSP 001_KC-III_v.01,BASE_SPCs/KC_Kush_Crasher_Grade_III.pdf
QCSP_001_KC-II_v.01,INDICA,,,THC,MACHINE TRIMMED,"Triplex Alu Bag | Триплекс Aлу Kеса, PET 12 · ALU 7 · PE 80, 300 × 500 mm, net. 400.0 g ±3%",QCSP 001_KC-II_v.01,BASE_SPCs/KC_Kush_Crasher_Grade_II.pdf
QCSP_001_KC-I_v.01,INDICA,,,THC,MACHINE TRIMMED,"Triplex Alu Bag | Триплекс Aлу Kеса, PET 12 · ALU 7 · PE 80, 300 × 500 mm, net. 400.0 g ±3%",QCSP 001_KC-I_v.01,BASE_SPCs/KC_Kush_Crasher_Grade_I.pdf
QCSP_001_KK-III_v.01,HYBRID,INDICA 60 : SATIVA 40,Indica dom.,THC,MACHINE TRIMMED,"Triplex Alu Bag | Триплекс Aлу Kеса, PET 12 · ALU 7 · PE 80, 300 × 500 mm, net. 400.0 g ±3%",QCSP 001_KK-III_v.01,BASE_SPCs/KK_Kandy_Kush_Grade_III.pdf
QCSP_001_KK-II_v.01,HYBRID,INDICA 60 : SATIVA 40,Indica dom.,THC,MACHINE TRIMMED,"Triplex Alu Bag | Триплекс Aлу Kеса, PET 12 · ALU 7 · PE 80, 300 × 500 mm, net. 400.0 g ±3%",QCSP 001_KK-II_v.01,BASE_SPCs/KK_Kandy_Kush_Grade_II.pdf
QCSP_001_KK-IV_v.01,HYBRID,INDICA 60 : SATIVA 40,Indica dom.,THC,MACHINE TRIMMED,"Triplex Alu Bag | Триплекс Aлу Kеса, PET 12 · ALU 7 · PE 80, 300 × 500 mm, net. 400.0 g ±3%",QCSP 001_KK-IV_v.01,BASE_SPCs/KK_Kandy_Kush_Grade_IV.pdf
QCSP_001_KK-I_v.01,HYBRID,INDICA 60 : SATIVA 40,Indica dom.,THC,MACHINE TRIMMED,"Triplex Alu Bag | Триплекс Aлу Kеса, PET 12 · ALU 7 · PE 80, 300 × 500 mm, net. 400.0 g ±3%",QCSP 001_KK-I_v.01,BASE_SPCs/KK_Kandy_Kush_Grade_I.pdf
QCSP_001_LB-III_v.01,INDICA,,,THC,MACHINE TRIMMED,"Triplex Alu Bag | Триплекс Aлу Kеса, PET 12 · ALU 7 · PE 80, 300 × 500 mm, net. 400.0 g ±3%",QCSP 001_LB-III_v.01,NEWs/LB_La_Bomba_Grade_III.pdf
QCSP_001_LB-II_v.01,INDICA,,,THC,MACHINE TRIMMED,"Triplex Alu Bag | Триплекс Aлу Kеса, PET 12 · ALU 7 · PE 80, 300 × 500 mm, net. 400.0 g ±3%",QCSP 001_LB-II_v.01,NEWs/LB_La_Bomba_Grade_II.pdf
QCSP_001_LB-IV_v.01,INDICA,,,THC,MACHINE TRIMMED,"Triplex Alu Bag | Триплекс Aлу Kеса, PET 12 · ALU 7 · PE 80, 300 × 500 mm, net. 400.0 g ±3%",QCSP 001_LB-IV_v.01,NEWs/LB_La_Bomba_Grade_IV.pdf
QCSP_001_LB-I_v.01,INDICA,,,THC,MACHINE TRIMMED,"Triplex Alu Bag | Триплекс Aлу Kеса, PET 12 · ALU 7 · PE 80, 300 × 500 mm, net. 400.0 g ±3%",QCSP 001_LB-I_v.01,NEWs/LB_La_Bomba_Grade_I.pdf
QCSP_001_LG-III_v.01,HYBRID,TO BE DETERMINED,,THC,MACHINE TRIMMED,"Triplex Alu Bag | Триплекс Aлу Kеса, PET 12 · ALU 7 · PE 80, 300 × 500 mm, net. 400.0 g ±3%",QCSP 001_LG-III_v.01,RENs/LG_Lifeguard_Grade_III.pdf
QCSP_001_LG-II_v.01,HYBRID,TO BE DETERMINED,,THC,MACHINE TRIMMED,"Triplex Alu Bag | Триплекс Aлу Kеса, PET 12 · ALU 7 · PE 80, 300 × 500 mm, net. 400.0 g ±3%",QCSP 001_LG-II_v.01,RENs/LG_Lifeguard_Grade_II.pdf
QCSP_001_LG-IV_v.01,HYBRID,TO BE DETERMINED,,THC,MACHINE TRIMMED,"Triplex Alu Bag | Триплекс Aлу Kеса, PET 12 · ALU 7 · PE 80, 300 × 500 mm, net. 400.0 g ±3%",QCSP 001_LG-IV_v.01,RENs/LG_Lifeguard_Grade_IV.pdf
QCSP_001_LG-I_v.01,HYBRID,TO BE DETERMINED,,THC,MACHINE TRIMMED,"Triplex Alu Bag | Триплекс Aлу Kеса, PET 12 · ALU 7 · PE 80, 300 × 500 mm, net. 400.0 g ±3%",QCSP 001_LG-I_v.01,RENs/LG_Lifeguard_Grade_I.pdf
QCSP_001_MB-III_v.01,HYBRID,INDICA-DOMINANT,Indica dom.,THC,MACHINE TRIMMED,"Triplex Alu Bag | Триплекс Aлу Kеса, PET 12 · ALU 7 · PE 80, 300 × 500 mm, net. 400.0 g ±3%",QCSP 001_MB-III_v.01,BASE_SPCs/MB_Motor_Breath_Grade_III.pdf
QCSP_001_MB-II_v.01,HYBRID,INDICA-DOMINANT,Indica dom.,THC,MACHINE TRIMMED,"Triplex Alu Bag | Триплекс Aлу Kеса, PET 12 · ALU 7 · PE 80, 300 × 500 mm, net. 400.0 g ±3%",QCSP 001_MB-II_v.01,BASE_SPCs/MB_Motor_Breath_Grade_II.pdf
QCSP_001_MB-I_v.01,HYBRID,INDICA-DOMINANT,Indica dom.,THC,MACHINE TRIMMED,"Triplex Alu Bag | Триплекс Aлу Kеса, PET 12 · ALU 7 · PE 80, 300 × 500 mm, net. 400.0 g ±3%",QCSP 001_MB-I_v.01,BASE_SPCs/MB_Motor_Breath_Grade_I.pdf
QCSP_001_MRG-III_v.01,HYBRID,TO BE DETERMINED,,THC,MACHINE TRIMMED,"Triplex Alu Bag | Триплекс Aлу Kеса, PET 12 · ALU 7 · PE 80, 300 × 500 mm, net. 400.0 g ±3%",QCSP 001_MRG-III_v.01,BASE_SPCs/MRG_Meringe_Grade_III.pdf
QCSP_001_MRG-II_v.01,HYBRID,TO BE DETERMINED,,THC,MACHINE TRIMMED,"Triplex Alu Bag | Триплекс Aлу Kеса, PET 12 · ALU 7 · PE 80, 300 × 500 mm, net. 400.0 g ±3%",QCSP 001_MRG-II_v.01,BASE_SPCs/MRG_Meringe_Grade_II.pdf
QCSP_001_MRG-IV_v.01,HYBRID,TO BE DETERMINED,,THC,MACHINE TRIMMED,"Triplex Alu Bag | Триплекс Aлу Kеса, PET 12 · ALU 7 · PE 80, 300 × 500 mm, net. 400.0 g ±3%",QCSP 001_MRG-IV_v.01,BASE_SPCs/MRG_Meringe_Grade_IV.pdf
QCSP_001_MRG-I_v.01,HYBRID,TO BE DETERMINED,,THC,MACHINE TRIMMED,"Triplex Alu Bag | Триплекс Aлу Kеса, PET 12 · ALU 7 · PE 80, 300 × 500 mm, net. 400.0 g ±3%",QCSP 001_MRG-I_v.01,BASE_SPCs/MRG_Meringe_Grade_I.pdf
QCSP_001_NYD-III_v.01,HYBRID,TO BE DETERMINED,,THC,MACHINE TRIMMED,"Triplex Alu Bag | Триплекс Aлу Kеса, PET 12 · ALU 7 · PE 80, 300 × 500 mm, net. 400.0 g ±3%",QCSP 001_NYD-III_v.01,RENs/NYD_NY_Diesel_Grade_III.pdf
QCSP_001_NYD-II_v.01,HYBRID,TO BE DETERMINED,,THC,MACHINE TRIMMED,"Triplex Alu Bag | Триплекс Aлу Kеса, PET 12 · ALU 7 · PE 80, 300 × 500 mm, net. 400.0 g ±3%",QCSP 001_NYD-II_v.01,RENs/NYD_NY_Diesel_Grade_II.pdf
QCSP_001_NYD-I_v.01,HYBRID,TO BE DETERMINED,,THC,MACHINE TRIMMED,"Triplex Alu Bag | Триплекс Aлу Kеса, PET 12 · ALU 7 · PE 80, 300 × 500 mm, net. 400.0 g ±3%",QCSP 001_NYD-I_v.01,RENs/NYD_NY_Diesel_Grade_I.pdf
QCSP_001_OD-III_v.01,INDICA,,,THC,MACHINE TRIMMED,"Triplex Alu Bag | Триплекс Aлу Kеса, PET 12 · ALU 7 · PE 80, 300 × 500 mm, net. 400.0 g ±3%",QCSP 001_OD-III_v.01,RENs/OD_Orange_Dream_Grade_III.pdf
QCSP_001_OD-II_v.01,INDICA,,,THC,MACHINE TRIMMED,"Triplex Alu Bag | Триплекс Aлу Kеса, PET 12 · ALU 7 · PE 80, 300 × 500 mm, net. 400.0 g ±3%",QCSP 001_OD-II_v.01,T1_rename/OD_Orange_Dream_Grade_II.pdf
QCSP_001_OD-IV_v.01,INDICA,,,THC,MACHINE TRIMMED,"Triplex Alu Bag | Триплекс Aлу Kеса, PET 12 · ALU 7 · PE 80, 300 × 500 mm, net. 400.0 g ±3%",QCSP 001_OD-IV_v.01,RENs/OD_Orange_Dream_Grade_IV.pdf
QCSP_001_OD-I_v.01,INDICA,,,THC,MACHINE TRIMMED,"Triplex Alu Bag | Триплекс Aлу Kеса, PET 12 · ALU 7 · PE 80, 300 × 500 mm, net. 400.0 g ±3%",QCSP 001_OD-I_v.01,RENs/OD_Orange_Dream_Grade_I.pdf
QCSP_001_OGB-III_v.01,HYBRID,TO BE DETERMINED,,THC,MACHINE TRIMMED,"Triplex Alu Bag | Триплекс Aлу Kеса, PET 12 · ALU 7 · PE 80, 300 × 500 mm, net. 400.0 g ±3%",QCSP 001_OGB-III_v.01,T1_rename/OGB_OG_Banana_s_Grade_III.pdf
QCSP_001_OGB-II_v.01,HYBRID,TO BE DETERMINED,,THC,MACHINE TRIMMED,"Triplex Alu Bag | Триплекс Aлу Kеса, PET 12 · ALU 7 · PE 80, 300 × 500 mm, net. 400.0 g ±3%",QCSP 001_OGB-II_v.01,RENs/OGB_OG_Banana_s_Grade_II.pdf
QCSP_001_OGB-I_v.01,HYBRID,TO BE DETERMINED,,THC,MACHINE TRIMMED,"Triplex Alu Bag | Триплекс Aлу Kеса, PET 12 · ALU 7 · PE 80, 300 × 500 mm, net. 400.0 g ±3%",QCSP 001_OGB-I_v.01,RENs/OGB_OG_Banana_s_Grade_I.pdf
QCSP_001_OPM-III_v.01,INDICA,,,THC,MACHINE TRIMMED,"Triplex Alu Bag | Триплекс Aлу Kеса, PET 12 · ALU 7 · PE 80, 300 × 500 mm, net. 400.0 g ±3%",QCSP 001_OPM-III_v.01,BASE_SPCs/OPM_Orange_Punch_Mimosa_Grade_III.pdf
QCSP_001_OPM-II_v.01,INDICA,,,THC,MACHINE TRIMMED,"Triplex Alu Bag | Триплекс Aлу Kеса, PET 12 · ALU 7 · PE 80, 300 × 500 mm, net. 400.0 g ±3%",QCSP 001_OPM-II_v.01,BASE_SPCs/OPM_Orange_Punch_Mimosa_Grade_II.pdf
QCSP_001_OPM-IV_v.01,INDICA,,,THC,MACHINE TRIMMED,"Triplex Alu Bag | Триплекс Aлу Kеса, PET 12 · ALU 7 · PE 80, 300 × 500 mm, net. 400.0 g ±3%",QCSP 001_OPM-IV_v.01,BASE_SPCs/OPM_Orange_Punch_Mimosa_Grade_IV.pdf
QCSP_001_OPM-I_v.01,INDICA,,,THC,MACHINE TRIMMED,"Triplex Alu Bag | Триплекс Aлу Kеса, PET 12 · ALU 7 · PE 80, 300 × 500 mm, net. 400.0 g ±3%",QCSP 001_OPM-I_v.01,BASE_SPCs/OPM_Orange_Punch_Mimosa_Grade_I.pdf
QCSP_001_PDY-III_v.01,HYBRID,TO BE DETERMINED,,THC,MACHINE TRIMMED,"Triplex Alu Bag | Триплекс Aлу Kеса, PET 12 · ALU 7 · PE 80, 300 × 500 mm, net. 400.0 g ±3%",QCSP 001_PDY-III_v.01,T1_rename/PDY_Payday_Grade_III.pdf
QCSP_001_PDY-II_v.01,HYBRID,TO BE DETERMINED,,THC,MACHINE TRIMMED,"Triplex Alu Bag | Триплекс Aлу Kеса, PET 12 · ALU 7 · PE 80, 300 × 500 mm, net. 400.0 g ±3%",QCSP 001_PDY-II_v.01,RENs/PDY_Payday_Grade_II.pdf
QCSP_001_PDY-I_v.01,HYBRID,TO BE DETERMINED,,THC,MACHINE TRIMMED,"Triplex Alu Bag | Триплекс Aлу Kеса, PET 12 · ALU 7 · PE 80, 300 × 500 mm, net. 400.0 g ±3%",QCSP 001_PDY-I_v.01,RENs/PDY_Payday_Grade_I.pdf
QCSP_001_PKB-III_v.01,INDICA,,,THC,MACHINE TRIMMED,"Triplex Alu Bag | Триплекс Aлу Kеса, PET 12 · ALU 7 · PE 80, 300 × 500 mm, net. 400.0 g ±3%",QCSP 001_PKB-III_v.01,NEWs/PKB_Pancake_Berries_Grade_III.pdf
QCSP_001_PKB-II_v.01,INDICA,,,THC,MACHINE TRIMMED,"Triplex Alu Bag | Триплекс Aлу Kеса, PET 12 · ALU 7 · PE 80, 300 × 500 mm, net. 400.0 g ±3%",QCSP 001_PKB-II_v.01,NEWs/PKB_Pancake_Berries_Grade_II.pdf
QCSP_001_PKB-IV_v.01,INDICA,,,THC,MACHINE TRIMMED,"Triplex Alu Bag | Триплекс Aлу Kеса, PET 12 · ALU 7 · PE 80, 300 × 500 mm, net. 400.0 g ±3%",QCSP 001_PKB-IV_v.01,NEWs/PKB_Pancake_Berries_Grade_IV.pdf
QCSP_001_PKB-I_v.01,INDICA,,,THC,MACHINE TRIMMED,"Triplex Alu Bag | Триплекс Aлу Kеса, PET 12 · ALU 7 · PE 80, 300 × 500 mm, net. 400.0 g ±3%",QCSP 001_PKB-I_v.01,NEWs/PKB_Pancake_Berries_Grade_I.pdf
QCSP_001_PLB-III_v.01,INDICA,,,THC,MACHINE TRIMMED,"Triplex Alu Bag | Триплекс Aлу Kеса, PET 12 · ALU 7 · PE 80, 300 × 500 mm, net. 400.0 g ±3%",QCSP 001_PLB-III_v.01,NEWs/PLB_Platinum_Blue_Grade_III.pdf
QCSP_001_PLB-II_v.01,INDICA,,,THC,MACHINE TRIMMED,"Triplex Alu Bag | Триплекс Aлу Kеса, PET 12 · ALU 7 · PE 80, 300 × 500 mm, net. 400.0 g ±3%",QCSP 001_PLB-II_v.01,NEWs/PLB_Platinum_Blue_Grade_II.pdf
QCSP_001_PLB-IV_v.01,INDICA,,,THC,MACHINE TRIMMED,"Triplex Alu Bag | Триплекс Aлу Kеса, PET 12 · ALU 7 · PE 80, 300 × 500 mm, net. 400.0 g ±3%",QCSP 001_PLB-IV_v.01,NEWs/PLB_Platinum_Blue_Grade_IV.pdf
QCSP_001_PLB-I_v.01,INDICA,,,THC,MACHINE TRIMMED,"Triplex Alu Bag | Триплекс Aлу Kеса, PET 12 · ALU 7 · PE 80, 300 × 500 mm, net. 400.0 g ±3%",QCSP 001_PLB-I_v.01,NEWs/PLB_Platinum_Blue_Grade_I.pdf
QCSP_001_PM-III_v.01,HYBRID,INDICA-DOMINANT,Indica dom.,THC,MACHINE TRIMMED,"Triplex Alu Bag | Триплекс Aлу Kеса, PET 12 · ALU 7 · PE 80, 300 × 500 mm, net. 400.0 g ±3%",QCSP 001_PM-III_v.01,BASE_SPCs/PM_Permanent_Marker_Grade_III.pdf
QCSP_001_PM-II_v.01,HYBRID,INDICA-DOMINANT,Indica dom.,THC,MACHINE TRIMMED,"Triplex Alu Bag | Триплекс Aлу Kеса, PET 12 · ALU 7 · PE 80, 300 × 500 mm, net. 400.0 g ±3%",QCSP 001_PM-II_v.01,BASE_SPCs/PM_Permanent_Marker_Grade_II.pdf
QCSP_001_PM-IV_v.01,HYBRID,INDICA-DOMINANT,Indica dom.,THC,MACHINE TRIMMED,"Triplex Alu Bag | Триплекс Aлу Kеса, PET 12 · ALU 7 · PE 80, 300 × 500 mm, net. 400.0 g ±3%",QCSP 001_PM-IV_v.01,BASE_SPCs/PM_Permanent_Marker_Grade_IV.pdf
QCSP_001_PM-I_v.01,HYBRID,INDICA-DOMINANT,Indica dom.,THC,MACHINE TRIMMED,"Triplex Alu Bag | Триплекс Aлу Kеса, PET 12 · ALU 7 · PE 80, 300 × 500 mm, net. 400.0 g ±3%",QCSP 001_PM-I_v.01,BASE_SPCs/PM_Permanent_Marker_Grade_I.pdf
QCSP_001_PT-III_v.01,HYBRID,TO BE DETERMINED,,THC,MACHINE TRIMMED,"Triplex Alu Bag | Триплекс Aлу Kеса, PET 12 · ALU 7 · PE 80, 300 × 500 mm, net. 400.0 g ±3%",QCSP 001_PT-III_v.01,RENs/PT_Plum_Tarte_Grade_III.pdf
QCSP_001_PT-II_v.01,HYBRID,TO BE DETERMINED,,THC,MACHINE TRIMMED,"Triplex Alu Bag | Триплекс Aлу Kеса, PET 12 · ALU 7 · PE 80, 300 × 500 mm, net. 400.0 g ±3%",QCSP 001_PT-II_v.01,RENs/PT_Plum_Tarte_Grade_II.pdf
QCSP_001_PT-IV_v.01,HYBRID,TO BE DETERMINED,,THC,MACHINE TRIMMED,"Triplex Alu Bag | Триплекс Aлу Kеса, PET 12 · ALU 7 · PE 80, 300 × 500 mm, net. 400.0 g ±3%",QCSP 001_PT-IV_v.01,RENs/PT_Plum_Tarte_Grade_IV.pdf
QCSP_001_PT-I_v.01,HYBRID,TO BE DETERMINED,,THC,MACHINE TRIMMED,"Triplex Alu Bag | Триплекс Aлу Kеса, PET 12 · ALU 7 · PE 80, 300 × 500 mm, net. 400.0 g ±3%",QCSP 001_PT-I_v.01,RENs/PT_Plum_Tarte_Grade_I.pdf
QCSP_001_PUM-III_v.01,HYBRID,TO BE DETERMINED,,THC,MACHINE TRIMMED,"Triplex Alu Bag | Триплекс Aлу Kеса, PET 12 · ALU 7 · PE 80, 300 × 500 mm, net. 400.0 g ±3%",QCSP 001_PUM-III_v.01,BASE_SPCs/PUM_Pure_Michigan_Grade_III.pdf
QCSP_001_PUM-II_v.01,HYBRID,TO BE DETERMINED,,THC,MACHINE TRIMMED,"Triplex Alu Bag | Триплекс Aлу Kеса, PET 12 · ALU 7 · PE 80, 300 × 500 mm, net. 400.0 g ±3%",QCSP 001_PUM-II_v.01,BASE_SPCs/PUM_Pure_Michigan_Grade_II.pdf
QCSP_001_PUM-IV_v.01,HYBRID,TO BE DETERMINED,,THC,MACHINE TRIMMED,"Triplex Alu Bag | Триплекс Aлу Kеса, PET 12 · ALU 7 · PE 80, 300 × 500 mm, net. 400.0 g ±3%",QCSP 001_PUM-IV_v.01,BASE_SPCs/PUM_Pure_Michigan_Grade_IV.pdf
QCSP_001_PUM-I_v.01,HYBRID,TO BE DETERMINED,,THC,MACHINE TRIMMED,"Triplex Alu Bag | Триплекс Aлу Kеса, PET 12 · ALU 7 · PE 80, 300 × 500 mm, net. 400.0 g ±3%",QCSP 001_PUM-I_v.01,BASE_SPCs/PUM_Pure_Michigan_Grade_I.pdf
QCSP_001_RP-III_v.01,INDICA,,,THC,MACHINE TRIMMED,"Triplex Alu Bag | Триплекс Aлу Kеса, PET 12 · ALU 7 · PE 80, 300 × 500 mm, net. 400.0 g ±3%",QCSP 001_RP-III_v.01,NEWs/RP_Rainbow_Pav_Grade_III.pdf
QCSP_001_RP-II_v.01,INDICA,,,THC,MACHINE TRIMMED,"Triplex Alu Bag | Триплекс Aлу Kеса, PET 12 · ALU 7 · PE 80, 300 × 500 mm, net. 400.0 g ±3%",QCSP 001_RP-II_v.01,NEWs/RP_Rainbow_Pav_Grade_II.pdf
QCSP_001_RP-IV_v.01,INDICA,,,THC,MACHINE TRIMMED,"Triplex Alu Bag | Триплекс Aлу Kеса, PET 12 · ALU 7 · PE 80, 300 × 500 mm, net. 400.0 g ±3%",QCSP 001_RP-IV_v.01,NEWs/RP_Rainbow_Pav_Grade_IV.pdf
QCSP_001_RP-I_v.01,INDICA,,,THC,MACHINE TRIMMED,"Triplex Alu Bag | Триплекс Aлу Kеса, PET 12 · ALU 7 · PE 80, 300 × 500 mm, net. 400.0 g ±3%",QCSP 001_RP-I_v.01,NEWs/RP_Rainbow_Pav_Grade_I.pdf
QCSP_001_RS-III_v.01,HYBRID,TO BE DETERMINED,,THC,MACHINE TRIMMED,"Triplex Alu Bag | Триплекс Aлу Kеса, PET 12 · ALU 7 · PE 80, 300 × 500 mm, net. 400.0 g ±3%",QCSP 001_RS-III_v.01,BASE_SPCs/RS_RS_11_Grade_III.pdf
QCSP_001_RS-II_v.01,HYBRID,TO BE DETERMINED,,THC,MACHINE TRIMMED,"Triplex Alu Bag | Триплекс Aлу Kеса, PET 12 · ALU 7 · PE 80, 300 × 500 mm, net. 400.0 g ±3%",QCSP 001_RS-II_v.01,BASE_SPCs/RS_RS_11_Grade_II.pdf
QCSP_001_RS-IV_v.01,HYBRID,TO BE DETERMINED,,THC,MACHINE TRIMMED,"Triplex Alu Bag | Триплекс Aлу Kеса, PET 12 · ALU 7 · PE 80, 300 × 500 mm, net. 400.0 g ±3%",QCSP 001_RS-IV_v.01,BASE_SPCs/RS_RS_11_Grade_IV.pdf
QCSP_001_RS-I_v.01,HYBRID,TO BE DETERMINED,,THC,MACHINE TRIMMED,"Triplex Alu Bag | Триплекс Aлу Kеса, PET 12 · ALU 7 · PE 80, 300 × 500 mm, net. 400.0 g ±3%",QCSP 001_RS-I_v.01,BASE_SPCs/RS_RS_11_Grade_I.pdf
QCSP_001_RSB-III_v.01,HYBRID,TO BE DETERMINED,,THC,MACHINE TRIMMED,"Triplex Alu Bag | Триплекс Aлу Kеса, PET 12 · ALU 7 · PE 80, 300 × 500 mm, net. 400.0 g ±3%",QCSP 001_RSB-III_v.01,RENs/RSB_Rainbow_Sherbet_Grade_III.pdf
QCSP_001_RSB-II_v.01,HYBRID,TO BE DETERMINED,,THC,MACHINE TRIMMED,"Triplex Alu Bag | Триплекс Aлу Kеса, PET 12 · ALU 7 · PE 80, 300 × 500 mm, net. 400.0 g ±3%",QCSP 001_RSB-II_v.01,RENs/RSB_Rainbow_Sherbet_Grade_II.pdf
QCSP_001_RSB-I_v.01,HYBRID,TO BE DETERMINED,,THC,MACHINE TRIMMED,"Triplex Alu Bag | Триплекс Aлу Kеса, PET 12 · ALU 7 · PE 80, 300 × 500 mm, net. 400.0 g ±3%",QCSP 001_RSB-I_v.01,RENs/RSB_Rainbow_Sherbet_Grade_I.pdf
QCSP_001_SC-III_v.01,HYBRID,TO BE DETERMINED,,THC,MACHINE TRIMMED,"Triplex Alu Bag | Триплекс Aлу Kеса, PET 12 · ALU 7 · PE 80, 300 × 500 mm, net. 400.0 g ±3%",QCSP 001_SC-III_v.01,BASE_SPCs/SC_Strawberry_Cough_Grade_III.pdf
QCSP_001_SC-II_v.01,HYBRID,TO BE DETERMINED,,THC,MACHINE TRIMMED,"Triplex Alu Bag | Триплекс Aлу Kеса, PET 12 · ALU 7 · PE 80, 300 × 500 mm, net. 400.0 g ±3%",QCSP 001_SC-II_v.01,BASE_SPCs/SC_Strawberry_Cough_Grade_II.pdf
QCSP_001_SC-IV_v.01,HYBRID,TO BE DETERMINED,,THC,MACHINE TRIMMED,"Triplex Alu Bag | Триплекс Aлу Kеса, PET 12 · ALU 7 · PE 80, 300 × 500 mm, net. 400.0 g ±3%",QCSP 001_SC-IV_v.01,BASE_SPCs/SC_Strawberry_Cough_Grade_IV.pdf
QCSP_001_SC-I_v.01,HYBRID,TO BE DETERMINED,,THC,MACHINE TRIMMED,"Triplex Alu Bag | Триплекс Aлу Kеса, PET 12 · ALU 7 · PE 80, 300 × 500 mm, net. 400.0 g ±3%",QCSP 001_SC-I_v.01,BASE_SPCs/SC_Strawberry_Cough_Grade_I.pdf
QCSP_001_SCB-III_v.01,INDICA,,,THC,MACHINE TRIMMED,"Triplex Alu Bag | Триплекс Aлу Kеса, PET 12 · ALU 7 · PE 80, 300 × 500 mm, net. 400.0 g ±3%",QCSP 001_SCB-III_v.01,RENs/SCB_Soft_Citrus_Bloom_Grade_III.pdf
QCSP_001_SCB-II_v.01,INDICA,,,THC,MACHINE TRIMMED,"Triplex Alu Bag | Триплекс Aлу Kеса, PET 12 · ALU 7 · PE 80, 300 × 500 mm, net. 400.0 g ±3%",QCSP 001_SCB-II_v.01,RENs/SCB_Soft_Citrus_Bloom_Grade_II.pdf
QCSP_001_SCB-IV_v.01,INDICA,,,THC,MACHINE TRIMMED,"Triplex Alu Bag | Триплекс Aлу Kеса, PET 12 · ALU 7 · PE 80, 300 × 500 mm, net. 400.0 g ±3%",QCSP 001_SCB-IV_v.01,RENs/SCB_Soft_Citrus_Bloom_Grade_IV.pdf
QCSP_001_SCB-I_v.01,INDICA,,,THC,MACHINE TRIMMED,"Triplex Alu Bag | Триплекс Aлу Kеса, PET 12 · ALU 7 · PE 80, 300 × 500 mm, net. 400.0 g ±3%",QCSP 001_SCB-I_v.01,RENs/SCB_Soft_Citrus_Bloom_Grade_I.pdf
QCSP_001_SCR-III_v.01,HYBRID,TO BE DETERMINED,,THC,MACHINE TRIMMED,"Triplex Alu Bag | Триплекс Aлу Kеса, PET 12 · ALU 7 · PE 80, 300 × 500 mm, net. 400.0 g ±3%",QCSP 001_SCR-III_v.01,BASE_SPCs/SCR_Scrambler_Grade_III.pdf
QCSP_001_SCR-II_v.01,HYBRID,TO BE DETERMINED,,THC,MACHINE TRIMMED,"Triplex Alu Bag | Триплекс Aлу Kеса, PET 12 · ALU 7 · PE 80, 300 × 500 mm, net. 400.0 g ±3%",QCSP 001_SCR-II_v.01,BASE_SPCs/SCR_Scrambler_Grade_II.pdf
QCSP_001_SCR-I_v.01,HYBRID,TO BE DETERMINED,,THC,MACHINE TRIMMED,"Triplex Alu Bag | Триплекс Aлу Kеса, PET 12 · ALU 7 · PE 80, 300 × 500 mm, net. 400.0 g ±3%",QCSP 001_SCR-I_v.01,BASE_SPCs/SCR_Scrambler_Grade_I.pdf
QCSP_001_SH-III_v.01,HYBRID,TO BE DETERMINED,,THC,MACHINE TRIMMED,"Triplex Alu Bag | Триплекс Aлу Kеса, PET 12 · ALU 7 · PE 80, 300 × 500 mm, net. 400.0 g ±3%",QCSP 001_SH-III_v.01,BASE_SPCs/SH_Skywalker_Haze_Grade_III.pdf
QCSP_001_SH-II_v.01,HYBRID,TO BE DETERMINED,,THC,MACHINE TRIMMED,"Triplex Alu Bag | Триплекс Aлу Kеса, PET 12 · ALU 7 · PE 80, 300 × 500 mm, net. 400.0 g ±3%",QCSP 001_SH-II_v.01,BASE_SPCs/SH_Skywalker_Haze_Grade_II.pdf
QCSP_001_SH-IV_v.01,HYBRID,TO BE DETERMINED,,THC,MACHINE TRIMMED,"Triplex Alu Bag | Триплекс Aлу Kеса, PET 12 · ALU 7 · PE 80, 300 × 500 mm, net. 400.0 g ±3%",QCSP 001_SH-IV_v.01,BASE_SPCs/SH_Skywalker_Haze_Grade_IV.pdf
QCSP_001_SH-I_v.01,HYBRID,TO BE DETERMINED,,THC,MACHINE TRIMMED,"Triplex Alu Bag | Триплекс Aлу Kеса, PET 12 · ALU 7 · PE 80, 300 × 500 mm, net. 400.0 g ±3%",QCSP 001_SH-I_v.01,BASE_SPCs/SH_Skywalker_Haze_Grade_I.pdf
QCSP_001_SJ-III_v.01,HYBRID,TO BE DETERMINED,,THC,MACHINE TRIMMED,"Triplex Alu Bag | Триплекс Aлу Kеса, PET 12 · ALU 7 · PE 80, 300 × 500 mm, net. 400.0 g ±3%",QCSP 001_SJ-III_v.01,BASE_SPCs/SJ_Sleepy_Joe_Grade_III.pdf
QCSP_001_SJ-II_v.01,HYBRID,TO BE DETERMINED,,THC,MACHINE TRIMMED,"Triplex Alu Bag | Триплекс Aлу Kеса, PET 12 · ALU 7 · PE 80, 300 × 500 mm, net. 400.0 g ±3%",QCSP 001_SJ-II_v.01,BASE_SPCs/SJ_Sleepy_Joe_Grade_II.pdf
QCSP_001_SJ-IV_v.01,HYBRID,TO BE DETERMINED,,THC,MACHINE TRIMMED,"Triplex Alu Bag | Триплекс Aлу Kеса, PET 12 · ALU 7 · PE 80, 300 × 500 mm, net. 400.0 g ±3%",QCSP 001_SJ-IV_v.01,BASE_SPCs/SJ_Sleepy_Joe_Grade_IV.pdf
QCSP_001_SJ-I_v.01,HYBRID,TO BE DETERMINED,,THC,MACHINE TRIMMED,"Triplex Alu Bag | Триплекс Aлу Kеса, PET 12 · ALU 7 · PE 80, 300 × 500 mm, net. 400.0 g ±3%",QCSP 001_SJ-I_v.01,BASE_SPCs/SJ_Sleepy_Joe_Grade_I.pdf
QCSP_001_ST-III_v.01,HYBRID,TO BE DETERMINED,,THC,MACHINE TRIMMED,"Triplex Alu Bag | Триплекс Aлу Kеса, PET 12 · ALU 7 · PE 80, 300 × 500 mm, net. 400.0 g ±3%",QCSP 001_ST-III_v.01,RENs/ST_Shark_Tank_Grade_III.pdf
QCSP_001_ST-II_v.01,HYBRID,TO BE DETERMINED,,THC,MACHINE TRIMMED,"Triplex Alu Bag | Триплекс Aлу Kеса, PET 12 · ALU 7 · PE 80, 300 × 500 mm, net. 400.0 g ±3%",QCSP 001_ST-II_v.01,RENs/ST_Shark_Tank_Grade_II.pdf
QCSP_001_ST-IV_v.01,HYBRID,TO BE DETERMINED,,THC,MACHINE TRIMMED,"Triplex Alu Bag | Триплекс Aлу Kеса, PET 12 · ALU 7 · PE 80, 300 × 500 mm, net. 400.0 g ±3%",QCSP 001_ST-IV_v.01,RENs/ST_Shark_Tank_Grade_IV.pdf
QCSP_001_ST-I_v.01,HYBRID,TO BE DETERMINED,,THC,MACHINE TRIMMED,"Triplex Alu Bag | Триплекс Aлу Kеса, PET 12 · ALU 7 · PE 80, 300 × 500 mm, net. 400.0 g ±3%",QCSP 001_ST-I_v.01,RENs/ST_Shark_Tank_Grade_I.pdf
QCSP_001_STC-III_v.01,HYBRID,TO BE DETERMINED,,THC,MACHINE TRIMMED,"Triplex Alu Bag | Триплекс Aлу Kеса, PET 12 · ALU 7 · PE 80, 300 × 500 mm, net. 400.0 g ±3%",QCSP 001_STC-III_v.01,RENs/STC_Strawberry_Cupcakes_Grade_III.pdf
QCSP_001_STC-II_v.01,HYBRID,TO BE DETERMINED,,THC,MACHINE TRIMMED,"Triplex Alu Bag | Триплекс Aлу Kеса, PET 12 · ALU 7 · PE 80, 300 × 500 mm, net. 400.0 g ±3%",QCSP 001_STC-II_v.01,RENs/STC_Strawberry_Cupcakes_Grade_II.pdf
QCSP_001_STC-IV_v.01,HYBRID,TO BE DETERMINED,,THC,MACHINE TRIMMED,"Triplex Alu Bag | Триплекс Aлу Kеса, PET 12 · ALU 7 · PE 80, 300 × 500 mm, net. 400.0 g ±3%",QCSP 001_STC-IV_v.01,RENs/STC_Strawberry_Cupcakes_Grade_IV.pdf
QCSP_001_STC-I_v.01,HYBRID,TO BE DETERMINED,,THC,MACHINE TRIMMED,"Triplex Alu Bag | Триплекс Aлу Kеса, PET 12 · ALU 7 · PE 80, 300 × 500 mm, net. 400.0 g ±3%",QCSP 001_STC-I_v.01,RENs/STC_Strawberry_Cupcakes_Grade_I.pdf
QCSP_001_SUN-II_v.01,INDICA,,,THC,MACHINE TRIMMED,"Triplex Alu Bag | Триплекс Aлу Kеса, PET 12 · ALU 7 · PE 80, 300 × 500 mm, net. 400.0 g ±3%",QCSP 001_SUN-II_v.01,T1_rename/SUN_Sunset_Sherbet_Grade_II.pdf
QCSP_001_SUN-I_v.01,INDICA,,,THC,MACHINE TRIMMED,"Triplex Alu Bag | Триплекс Aлу Kеса, PET 12 · ALU 7 · PE 80, 300 × 500 mm, net. 400.0 g ±3%",QCSP 001_SUN-I_v.01,RENs/SUN_Sunset_Sherbet_Grade_I.pdf
QCSP_001_TC-III_v.01,HYBRID,TO BE DETERMINED,,THC,MACHINE TRIMMED,"Triplex Alu Bag | Триплекс Aлу Kеса, PET 12 · ALU 7 · PE 80, 300 × 500 mm, net. 400.0 g ±3%",QCSP 001_TC-III_v.01,RENs/TC_Tropic_Cake_Grade_III.pdf
QCSP_001_TC-II_v.01,HYBRID,TO BE DETERMINED,,THC,MACHINE TRIMMED,"Triplex Alu Bag | Триплекс Aлу Kеса, PET 12 · ALU 7 · PE 80, 300 × 500 mm, net. 400.0 g ±3%",QCSP 001_TC-II_v.01,RENs/TC_Tropic_Cake_Grade_II.pdf
QCSP_001_TC-IV_v.01,HYBRID,TO BE DETERMINED,,THC,MACHINE TRIMMED,"Triplex Alu Bag | Триплекс Aлу Kеса, PET 12 · ALU 7 · PE 80, 300 × 500 mm, net. 400.0 g ±3%",QCSP 001_TC-IV_v.01,RENs/TC_Tropic_Cake_Grade_IV.pdf
QCSP_001_TC-I_v.01,HYBRID,TO BE DETERMINED,,THC,MACHINE TRIMMED,"Triplex Alu Bag | Триплекс Aлу Kеса, PET 12 · ALU 7 · PE 80, 300 × 500 mm, net. 400.0 g ±3%",QCSP 001_TC-I_v.01,RENs/TC_Tropic_Cake_Grade_I.pdf
QCSP_001_TQ-III_v.01,INDICA,,,THC,MACHINE TRIMMED,"Triplex Alu Bag | Триплекс Aлу Kеса, PET 12 · ALU 7 · PE 80, 300 × 500 mm, net. 400.0 g ±3%",QCSP 001_TQ-III_v.01,T1_rename/TQ_Tangie_Queen_Grade_III.pdf
QCSP_001_TQ-II_v.01,INDICA,,,THC,MACHINE TRIMMED,"Triplex Alu Bag | Триплекс Aлу Kеса, PET 12 · ALU 7 · PE 80, 300 × 500 mm, net. 400.0 g ±3%",QCSP 001_TQ-II_v.01,RENs/TQ_Tangie_Queen_Grade_II.pdf
QCSP_001_TQ-IV_v.01,INDICA,,,THC,MACHINE TRIMMED,"Triplex Alu Bag | Триплекс Aлу Kеса, PET 12 · ALU 7 · PE 80, 300 × 500 mm, net. 400.0 g ±3%",QCSP 001_TQ-IV_v.01,RENs/TQ_Tangie_Queen_Grade_IV.pdf
QCSP_001_TQ-I_v.01,INDICA,,,THC,MACHINE TRIMMED,"Triplex Alu Bag | Триплекс Aлу Kеса, PET 12 · ALU 7 · PE 80, 300 × 500 mm, net. 400.0 g ±3%",QCSP 001_TQ-I_v.01,RENs/TQ_Tangie_Queen_Grade_I.pdf
QCSP_001_VG-III_v.01,HYBRID,TO BE DETERMINED,,THC,MACHINE TRIMMED,"Triplex Alu Bag | Триплекс Aлу Kеса, PET 12 · ALU 7 · PE 80, 300 × 500 mm, net. 400.0 g ±3%",QCSP 001_VG-III_v.01,T1_rename/VG_Vanilla_Grapes_Grade_III.pdf
QCSP_001_VG-II_v.01,HYBRID,TO BE DETERMINED,,THC,MACHINE TRIMMED,"Triplex Alu Bag | Триплекс Aлу Kеса, PET 12 · ALU 7 · PE 80, 300 × 500 mm, net. 400.0 g ±3%",QCSP 001_VG-II_v.01,RENs/VG_Vanilla_Grapes_Grade_II.pdf
QCSP_001_VG-IV_v.01,HYBRID,TO BE DETERMINED,,THC,MACHINE TRIMMED,"Triplex Alu Bag | Триплекс Aлу Kеса, PET 12 · ALU 7 · PE 80, 300 × 500 mm, net. 400.0 g ±3%",QCSP 001_VG-IV_v.01,T1_rename/VG_Vanilla_Grapes_Grade_IV.pdf
QCSP_001_VG-I_v.01,HYBRID,TO BE DETERMINED,,THC,MACHINE TRIMMED,"Triplex Alu Bag | Триплекс Aлу Kеса, PET 12 · ALU 7 · PE 80, 300 × 500 mm, net. 400.0 g ±3%",QCSP 001_VG-I_v.01,RENs/VG_Vanilla_Grapes_Grade_I.pdf
QCSP_001_WC-III_v.01,HYBRID,TO BE DETERMINED,,THC,MACHINE TRIMMED,"Triplex Alu Bag | Триплекс Aлу Kеса, PET 12 · ALU 7 · PE 80, 300 × 500 mm, net. 400.0 g ±3%",QCSP 001_WC-III_v.01,BASE_SPCs/WC_Wedding_Crasher_Grade_III.pdf
QCSP_001_WC-II_v.01,HYBRID,TO BE DETERMINED,,THC,MACHINE TRIMMED,"Triplex Alu Bag | Триплекс Aлу Kеса, PET 12 · ALU 7 · PE 80, 300 × 500 mm, net. 400.0 g ±3%",QCSP 001_WC-II_v.01,BASE_SPCs/WC_Wedding_Crasher_Grade_II.pdf
QCSP_001_WC-I_v.01,HYBRID,TO BE DETERMINED,,THC,MACHINE TRIMMED,"Triplex Alu Bag | Триплекс Aлу Kеса, PET 12 · ALU 7 · PE 80, 300 × 500 mm, net. 400.0 g ±3%",QCSP 001_WC-I_v.01,BASE_SPCs/WC_Wedding_Crasher_Grade_I.pdf
QCSP_001_WCSS-III_v.01,INDICA,,,THC,MACHINE TRIMMED,"Triplex Alu Bag | Триплекс Aлу Kеса, PET 12 · ALU 7 · PE 80, 300 × 500 mm, net. 400.0 g ±3%",QCSP 001_WCSS-III_v.01,NEWs/WCSS_Wedding_Cake_x_Sunset_Sherbet_Grade_III.pdf
QCSP_001_WCSS-II_v.01,INDICA,,,THC,MACHINE TRIMMED,"Triplex Alu Bag | Триплекс Aлу Kеса, PET 12 · ALU 7 · PE 80, 300 × 500 mm, net. 400.0 g ±3%",QCSP 001_WCSS-II_v.01,NEWs/WCSS_Wedding_Cake_x_Sunset_Sherbet_Grade_II.pdf
QCSP_001_WCSS-IV_v.01,INDICA,,,THC,MACHINE TRIMMED,"Triplex Alu Bag | Триплекс Aлу Kеса, PET 12 · ALU 7 · PE 80, 300 × 500 mm, net. 400.0 g ±3%",QCSP 001_WCSS-IV_v.01,NEWs/WCSS_Wedding_Cake_x_Sunset_Sherbet_Grade_IV.pdf
QCSP_001_WCSS-I_v.01,INDICA,,,THC,MACHINE TRIMMED,"Triplex Alu Bag | Триплекс Aлу Kеса, PET 12 · ALU 7 · PE 80, 300 × 500 mm, net. 400.0 g ±3%",QCSP 001_WCSS-I_v.01,NEWs/WCSS_Wedding_Cake_x_Sunset_Sherbet_Grade_I.pdf
QCSP_001_WED-III_v.01,HYBRID,TO BE DETERMINED,,THC,MACHINE TRIMMED,"Triplex Alu Bag | Триплекс Aлу Kеса, PET 12 · ALU 7 · PE 80, 300 × 500 mm, net. 400.0 g ±3%",QCSP 001_WED-III_v.01,BASE_SPCs/WED_COC_Wedding_Cake_Grade_III.pdf
QCSP_001_WED-II_v.01,HYBRID,TO BE DETERMINED,,THC,MACHINE TRIMMED,"Triplex Alu Bag | Триплекс Aлу Kеса, PET 12 · ALU 7 · PE 80, 300 × 500 mm, net. 400.0 g ±3%",QCSP 001_WED-II_v.01,BASE_SPCs/WED_COC_Wedding_Cake_Grade_II.pdf
QCSP_001_WED-IV_v.01,HYBRID,TO BE DETERMINED,,THC,MACHINE TRIMMED,"Triplex Alu Bag | Триплекс Aлу Kеса, PET 12 · ALU 7 · PE 80, 300 × 500 mm, net. 400.0 g ±3%",QCSP 001_WED-IV_v.01,BASE_SPCs/WED_COC_Wedding_Cake_Grade_IV.pdf
QCSP_001_WED-I_v.01,HYBRID,TO BE DETERMINED,,THC,MACHINE TRIMMED,"Triplex Alu Bag | Триплекс Aлу Kеса, PET 12 · ALU 7 · PE 80, 300 × 500 mm, net. 400.0 g ±3%",QCSP 001_WED-I_v.01,BASE_SPCs/WED_COC_Wedding_Cake_Grade_I.pdf
QCSP_001_ZEC-III_v.01,INDICA,,,THC,MACHINE TRIMMED,"Triplex Alu Bag | Триплекс Aлу Kеса, PET 12 · ALU 7 · PE 80, 300 × 500 mm, net. 400.0 g ±3%",QCSP 001_ZEC-III_v.01,NEWs/ZEC_Zeclair_Grade_III.pdf
QCSP_001_ZEC-II_v.01,INDICA,,,THC,MACHINE TRIMMED,"Triplex Alu Bag | Триплекс Aлу Kеса, PET 12 · ALU 7 · PE 80, 300 × 500 mm, net. 400.0 g ±3%",QCSP 001_ZEC-II_v.01,NEWs/ZEC_Zeclair_Grade_II.pdf
QCSP_001_ZEC-IV_v.01,INDICA,,,THC,MACHINE TRIMMED,"Triplex Alu Bag | Триплекс Aлу Kеса, PET 12 · ALU 7 · PE 80, 300 × 500 mm, net. 400.0 g ±3%",QCSP 001_ZEC-IV_v.01,NEWs/ZEC_Zeclair_Grade_IV.pdf
QCSP_001_ZEC-I_v.01,INDICA,,,THC,MACHINE TRIMMED,"Triplex Alu Bag | Триплекс Aлу Kеса, PET 12 · ALU 7 · PE 80, 300 × 500 mm, net. 400.0 g ±3%",QCSP 001_ZEC-I_v.01,NEWs/ZEC_Zeclair_Grade_I.pdf
