#	Production	CoQ doc. code (proposed)	Batch	P-Number	Strain	Product code	Round	1 — Macroscopic ID (Test A)	eCoA reference	2 — Microscopic ID (Test B)	eCoA reference	3 — HPTLC ID (Test C)	eCoA reference	4 — Total Δ⁹-THC (%)	Grade (v.02)	eCoA reference	5 — Total CBD (%)	eCoA reference	6 — Total CBN (%)	eCoA reference	7 — Foreign Matter (%)	eCoA reference	8 — Loss on Drying (%)	eCoA reference	9.1 — TAMC (CFU/g)	eCoA reference	9.2 — TYMC (CFU/g)	eCoA reference	9.3 — Bile-tol. gram-negative (CFU/g)	eCoA reference	9.4 — Salmonella	eCoA reference	9.5 — Escherichia coli	eCoA reference	10.1 — Aflatoxin B1 (µg/kg)	eCoA reference	10.2 — Total Aflatoxins (µg/kg)	eCoA reference	10.3 — Ochratoxin A (µg/kg)	eCoA reference	11.1 — Lead (Pb) (mg/kg)	eCoA reference	11.2 — Cadmium (Cd) (mg/kg)	eCoA reference	11.3 — Arsenic (As) (mg/kg)	eCoA reference	11.4 — Mercury (Hg) (mg/kg)	eCoA reference	12 — Pesticide Residues	eCoA reference
								A.C. Conforms to description		A.C. Conforms to description		A.C. Identity confirmed		A.C. Per target grade (QCSP 001 §01)			A.C. ≤ 1.0		A.C. ≤ 1.0		A.C. ≤ 2.0		A.C. ≤ 12.0		A.C. ≤ 10⁵		A.C. ≤ 10⁴		A.C. ≤ 10⁴		A.C. Absence /25 g		A.C. Absence /1 g		A.C. ≤ 2		A.C. ≤ 4		A.C. ≤ 20		A.C. ≤ 0.5		A.C. ≤ 0.3		A.C. ≤ 0.2		A.C. ≤ 0.1		A.C. ≤ LOQ (Ph. Eur. 2.8.13)	
2	2024-08	CoQ-PP-2026-0002	GP0824_02	P050022	Grape Pie	GP_THC24:CBD1	R1 · May–Jul 2025	Conforms	iCoA-PP-2026-0004 (proposed), 13.08.2026, PP	Conforms	iCoA-PP-2026-0004 (proposed), 13.08.2026, PP	Missing / not tested	—	23.19 ; 23.79	Grade II, 22.00 – 26.00 ; Grade II, 22.00 – 26.00	ППК25174, 10.07.2025, CNP ; ППК25139, 22.05.2025, CNP	0.07 ; 0.10	ППК25174, 10.07.2025, CNP ; ППК25139, 22.05.2025, CNP	—	—	Conforms	iCoA-PP-2026-0003 (proposed), 13.08.2026, PP	6.51 ; 7.21	ППК25174, 10.07.2025, CNP ; ППК25139, 22.05.2025, CNP	<10 ; 700	627/1128/25, 02.07.2025, IPH ; 471/0862/25, 22.05.2025, IPH	<10 ; <10	627/1128/25, 02.07.2025, IPH ; 471/0862/25, 22.05.2025, IPH	<10 ; <10¹ and >10	627/1128/25, 02.07.2025, IPH ; 471/0862/25, 22.05.2025, IPH	Одговара (absent) ; Одговара (absent)	627/1128/25, 02.07.2025, IPH ; 471/0862/25, 22.05.2025, IPH	Одговара (absent) ; Одговара (absent)	627/1128/25, 02.07.2025, IPH ; 471/0862/25, 22.05.2025, IPH	—	—	<2 ; <2	3176/2025, 26.06.2025, IPH ; 2471/2025, 30.05.2025, IPH	—	—	N.D. ; N.D.	3176/2025, 26.06.2025, IPH ; 2471/2025, 30.05.2025, IPH	N.D. ; N.D.	3176/2025, 26.06.2025, IPH ; 2471/2025, 30.05.2025, IPH	0.047 ; N.D.	3176/2025, 26.06.2025, IPH ; 2471/2025, 30.05.2025, IPH	N.D. ; N.D.	3176/2025, 26.06.2025, IPH ; 2471/2025, 30.05.2025, IPH	ND / <LOQ (13 analytes) ; ND / <LOQ (13 analytes)	3176/2025, 26.06.2025, IPH ; 2471/2025, 30.05.2025, IPH
							R2 · Aug 2026	—	—	—	—			22.61	Grade II, 22.00 – 26.00	197-11-К/26, 07.08.2026, FARM	<LOQ %w/w	197-11-К/26, 07.08.2026, FARM	0.23	197-11-К/26, 07.08.2026, FARM	—	—	—	—	—	—	—	—	—	—	—	—	—	—	ND	197-11-М/26, 10.08.2026, FARM	ND ; ND ; ND ; ND (all four not detected)	197-11-М/26, 10.08.2026, FARM ; 197-11-М/26, 10.08.2026, FARM ; 197-11-М/26, 10.08.2026, FARM ; 197-11-М/26, 10.08.2026, FARM	ND	197-11-М/26, 10.08.2026, FARM	—	—	—	—	—	—	—	—	—	—
6	2024-10	CoQ-PP-2026-0006	BG1024	—	Blue Gelato	BG_THC23:CBD1 / BG_THC27.5:CBD1	R1 · Feb 2025	Conforms	iCoA-PP-2026-0012 (proposed), 13.08.2026, PP	Conforms	iCoA-PP-2026-0012 (proposed), 13.08.2026, PP	Missing / not tested	—	21.80	Grade II, 20.80 – 25.25	ППК25050, 26.02.2025, CNP	0.04	ППК25050, 26.02.2025, CNP	—	—	Conforms	iCoA-PP-2026-0011 (proposed), 13.08.2026, PP	5.73	ППК25050, 26.02.2025, CNP	1.6×10⁴	163/0271/25, 24.02.2025, IPH	1×10³	163/0271/25, 24.02.2025, IPH	<10² and >10	163/0271/25, 24.02.2025, IPH	Одговара (absent)	163/0271/25, 24.02.2025, IPH	Одговара (absent)	163/0271/25, 24.02.2025, IPH	—	—	<2	752/2025, 27.02.2025, IPH	—	—	0.01	752/2025, 27.02.2025, IPH	0.016	752/2025, 27.02.2025, IPH	0.014	752/2025, 27.02.2025, IPH	0.005	752/2025, 27.02.2025, IPH	ND / <LOQ (13 analytes)	752/2025, 27.02.2025, IPH
							R2 · Aug 2026	—	—	—	—			26.14	Grade I, 25.25 – 30.00	197-1-К/26, 07.08.2026, FARM	<LOQ %w/w	197-1-К/26, 07.08.2026, FARM	0.28	197-1-К/26, 07.08.2026, FARM	—	—	—	—	—	—	—	—	—	—	—	—	—	—	ND	197-1-М/26, 10.08.2026, FARM	ND ; ND ; ND ; ND (all four not detected)	197-1-М/26, 10.08.2026, FARM ; 197-1-М/26, 10.08.2026, FARM ; 197-1-М/26, 10.08.2026, FARM ; 197-1-М/26, 10.08.2026, FARM	ND	197-1-М/26, 10.08.2026, FARM	—	—	—	—	—	—	—	—	—	—
7	2024-10	CoQ-PP-2026-0007	BSS1024	—	Blue Sunset Sherbet	BSS_THC22:CBD1 / BSS_THC27.5:CBD1	R1 · Feb 2025	Conforms	iCoA-PP-2026-0014 (proposed), 13.08.2026, PP	Conforms	iCoA-PP-2026-0014 (proposed), 13.08.2026, PP	Missing / not tested	—	21.03	Grade II, 19.39 – 24.75	ППК25051, 26.02.2025, CNP	0.04	ППК25051, 26.02.2025, CNP	—	—	Conforms	iCoA-PP-2026-0013 (proposed), 13.08.2026, PP	5.99	ППК25051, 26.02.2025, CNP	1.5×10⁴	161/0269/25, 24.02.2025, IPH	2.2×10³	161/0269/25, 24.02.2025, IPH	<10² and >10	161/0269/25, 24.02.2025, IPH	Одговара (absent)	161/0269/25, 24.02.2025, IPH	Одговара (absent)	161/0269/25, 24.02.2025, IPH	—	—	<2	751/2025, 27.02.2025, IPH	—	—	0.071	751/2025, 27.02.2025, IPH	0.014	751/2025, 27.02.2025, IPH	0.081	751/2025, 27.02.2025, IPH	0.014	751/2025, 27.02.2025, IPH	ND / <LOQ (13 analytes)	751/2025, 27.02.2025, IPH
							R2 · Aug 2026	—	—	—	—			25.01	Grade I, 24.75 – 30.00	197-2-К/26, 07.08.2026, FARM	<LOQ %w/w	197-2-К/26, 07.08.2026, FARM	<LOQ %w/w	197-2-К/26, 07.08.2026, FARM	—	—	—	—	—	—	—	—	—	—	—	—	—	—	ND	197-2-М/26, 10.08.2026, FARM	ND ; ND ; ND ; ND (all four not detected)	197-2-М/26, 10.08.2026, FARM ; 197-2-М/26, 10.08.2026, FARM ; 197-2-М/26, 10.08.2026, FARM ; 197-2-М/26, 10.08.2026, FARM	ND	197-2-М/26, 10.08.2026, FARM	—	—	—	—	—	—	—	—	—	—
11	2024-10	CoQ-PP-2026-0011	GG1024_01	P050092	Gorilla Glue	GG_THC15:CBD1 / GG_THC21:CBD1	R1 · Apr 2025	Conforms	iCoA-PP-2026-0021 (proposed), 13.08.2026, PP	Conforms	iCoA-PP-2026-0021 (proposed), 13.08.2026, PP	Missing / not tested	—	17.22	Grade III, 12.34 – 18.00	ППК25104, 17.04.2025, CNP	0.05	ППК25104, 17.04.2025, CNP	—	—	Conforms	iCoA-PP-2026-0020 (proposed), 13.08.2026, PP	7.54	ППК25104, 17.04.2025, CNP	5.1×10⁴	320/0587/25, 14.04.2025, IPH	4.2×10³	320/0587/25, 14.04.2025, IPH	<10	320/0587/25, 14.04.2025, IPH	Одговара (absent)	320/0587/25, 14.04.2025, IPH	Одговара (absent)	320/0587/25, 14.04.2025, IPH	—	—	<2	1766/2025, 11.04.2025, IPH	—	—	0.02	1766/2025, 11.04.2025, IPH	0.007	1766/2025, 11.04.2025, IPH	0.015	1766/2025, 11.04.2025, IPH	0.005	1766/2025, 11.04.2025, IPH	ND / <LOQ (13 analytes)	1766/2025, 11.04.2025, IPH
							R2 · Aug 2026	—	—	—	—			18.67	Grade II, 18.00 – 24.00	197-9-К/26, 07.08.2026, FARM	<LOQ %w/w	197-9-К/26, 07.08.2026, FARM	0.20	197-9-К/26, 07.08.2026, FARM	—	—	—	—	—	—	—	—	—	—	—	—	—	—	ND	197-9-М/26, 10.08.2026, FARM	ND ; ND ; ND ; ND (all four not detected)	197-9-М/26, 10.08.2026, FARM ; 197-9-М/26, 10.08.2026, FARM ; 197-9-М/26, 10.08.2026, FARM ; 197-9-М/26, 10.08.2026, FARM	ND	197-9-М/26, 10.08.2026, FARM	—	—	—	—	—	—	—	—	—	—
13	2024-10	CoQ-PP-2026-0013	HPA1024	—	High Pro Amnesia	HPA_THC16:CBD1	R1 · Jan 2025	Confirms	n/a — Purely Plant in-house CoA (Batch HPA1024, no certificate/report number printed), 23.01.2025, PP	Conforms	iCoA-PP-2026-0024 (proposed), 13.08.2026, PP	Confirms	n/a — Purely Plant in-house CoA (Batch HPA1024, no certificate/report number printed), 23.01.2025, CNP	14.97	Grade III, 13.50 – 19.39	n/a — Purely Plant in-house CoA (Batch HPA1024, no certificate/report number printed), 23.01.2025, CNP	0.04	n/a — Purely Plant in-house CoA (Batch HPA1024, no certificate/report number printed), 23.01.2025, CNP	—	—	Confirms	n/a — Purely Plant in-house CoA (Batch HPA1024, no certificate/report number printed), 23.01.2025, PP	Missing / not tested	—	5.2·10^4	n/a — Purely Plant in-house CoA (Batch HPA1024, no certificate/report number printed), 23.01.2025, CNP	7·10^2	n/a — Purely Plant in-house CoA (Batch HPA1024, no certificate/report number printed), 23.01.2025, CNP	<10 CFU/g [DATA INTEGRITY FLAG — see source]	n/a — Purely Plant in-house CoA (Batch HPA1024, no certificate/report number printed), 23.01.2025, CNP	Absent	n/a — Purely Plant in-house CoA (Batch HPA1024, no certificate/report number printed), 23.01.2025, CNP	Absent	n/a — Purely Plant in-house CoA (Batch HPA1024, no certificate/report number printed), 23.01.2025, CNP	—	—	<2	n/a — Purely Plant in-house CoA (Batch HPA1024, no certificate/report number printed), 23.01.2025, CNP	—	—	0.02	n/a — Purely Plant in-house CoA (Batch HPA1024, no certificate/report number printed), 23.01.2025, CNP	0.013	n/a — Purely Plant in-house CoA (Batch HPA1024, no certificate/report number printed), 23.01.2025, CNP	0.017	n/a — Purely Plant in-house CoA (Batch HPA1024, no certificate/report number printed), 23.01.2025, CNP	0.0026	n/a — Purely Plant in-house CoA (Batch HPA1024, no certificate/report number printed), 23.01.2025, CNP	ND / <LOQ (13 analytes)	n/a — Purely Plant in-house CoA (Batch HPA1024, no certificate/report number printed), 23.01.2025, CNP
							R2 · Aug 2026	—	—	—	—	—	—	17.31	Grade III, 13.50 – 19.39	197-13-К/26, 07.08.2026, FARM	<LOQ %w/w	197-13-К/26, 07.08.2026, FARM	0.36	197-13-К/26, 07.08.2026, FARM	—	—			—	—	—	—	—	—	—	—	—	—	ND	197-13-М/26, 10.08.2026, FARM	ND ; ND ; ND ; ND (all four aflatoxins not detected)	197-13-М/26, 10.08.2026, FARM ; 197-13-М/26, 10.08.2026, FARM ; 197-13-М/26, 10.08.2026, FARM ; 197-13-М/26, 10.08.2026, FARM	<LOQ	197-13-М/26, 10.08.2026, FARM	—	—	—	—	—	—	—	—	—	—
14	2024-10	CoQ-PP-2026-0014	HPA1024_01	P050052	High Pro Amnesia	HPA_THC22:CBD1	R1 · Jun 2025	Conforms	iCoA-PP-2026-0026 (proposed), 13.08.2026, PP	Conforms	iCoA-PP-2026-0026 (proposed), 13.08.2026, PP	Missing / not tested	—	22.43	Grade II, 19.39 – 24.75	НИК22155, 24.06.2025, CNP	24.70% [DATA INTEGRITY FLAG — see source]	НИК22155, 24.06.2025, CNP	—	—	Conforms	iCoA-PP-2026-0025 (proposed), 13.08.2026, PP	6.36	НИК22155, 24.06.2025, CNP	9.6×10³	587/1066/25, 18.06.2025, IPH	1.5×10⁴	587/1066/25, 18.06.2025, IPH	<10	587/1066/25, 18.06.2025, IPH	Одговара (absent)	587/1066/25, 18.06.2025, IPH	Одговара (absent)	587/1066/25, 18.06.2025, IPH	—	—	<2	2995/2025, 19.06.2025, IPH	—	—	0.059	2995/2025, 19.06.2025, IPH	0.014	2995/2025, 19.06.2025, IPH	0.037	2995/2025, 19.06.2025, IPH	0.008	2995/2025, 19.06.2025, IPH	ND / <LOQ (13 analytes)	2995/2025, 19.06.2025, IPH
							R2 · Aug 2026	—	—	—	—			21.61	Grade II, 19.39 – 24.75	197-14-К/26, 07.08.2026, FARM	<LOQ %w/w	197-14-К/26, 07.08.2026, FARM	<LOQ %w/w	197-14-К/26, 07.08.2026, FARM	—	—	—	—	—	—	—	—	—	—	—	—	—	—	ND	197-14-М/26, 10.08.2026, FARM	ND ; ND ; ND ; ND (all four not detected)	197-14-М/26, 10.08.2026, FARM ; 197-14-М/26, 10.08.2026, FARM ; 197-14-М/26, 10.08.2026, FARM ; 197-14-М/26, 10.08.2026, FARM	2.06 µg/kg  — DETECTED, >LOQ	197-14-М/26, 10.08.2026, FARM	—	—	—	—	—	—	—	—	—	—
15	2024-10	CoQ-PP-2026-0015	OPM1024	—	Orange Punch Mimosa	OPM_THC22:CBD1	R1 · Apr 2025	Confirms	n/a — Purely Plant in-house CoA (Batch OPM1024, no certificate/report number printed), 23.04.2025, PP	Conforms	iCoA-PP-2026-0027 (proposed), 13.08.2026, PP	Confirms	n/a — Purely Plant in-house CoA (Batch OPM1024, no certificate/report number printed), 23.04.2025, CNP	19.96	Grade II, 19.00 – 25.00	n/a — Purely Plant in-house CoA (Batch OPM1024, no certificate/report number printed), 23.04.2025, CNP	0.05	n/a — Purely Plant in-house CoA (Batch OPM1024, no certificate/report number printed), 23.04.2025, CNP	—	—	Confirms	n/a — Purely Plant in-house CoA (Batch OPM1024, no certificate/report number printed), 23.04.2025, PP	Missing / not tested	—	1.3·10^4	n/a — Purely Plant in-house CoA (Batch OPM1024, no certificate/report number printed), 23.04.2025, CNP	7·10^2	n/a — Purely Plant in-house CoA (Batch OPM1024, no certificate/report number printed), 23.04.2025, CNP	<10²>10³ CFU/g [DATA INTEGRITY FLAG — see source]	n/a — Purely Plant in-house CoA (Batch OPM1024, no certificate/report number printed), 23.04.2025, CNP	Absent	n/a — Purely Plant in-house CoA (Batch OPM1024, no certificate/report number printed), 23.04.2025, CNP	Absent	n/a — Purely Plant in-house CoA (Batch OPM1024, no certificate/report number printed), 23.04.2025, CNP	—	—	<2	n/a — Purely Plant in-house CoA (Batch OPM1024, no certificate/report number printed), 23.04.2025, CNP	—	—	0.031	n/a — Purely Plant in-house CoA (Batch OPM1024, no certificate/report number printed), 23.04.2025, CNP	0.017	n/a — Purely Plant in-house CoA (Batch OPM1024, no certificate/report number printed), 23.04.2025, CNP	0.045	n/a — Purely Plant in-house CoA (Batch OPM1024, no certificate/report number printed), 23.04.2025, CNP	0.005	n/a — Purely Plant in-house CoA (Batch OPM1024, no certificate/report number printed), 23.04.2025, CNP	ND / <LOQ (13 analytes)	n/a — Purely Plant in-house CoA (Batch OPM1024, no certificate/report number printed), 23.04.2025, CNP
							R2 · Aug 2026	—	—	—	—	—	—	20.03	Grade II, 19.00 – 25.00	197-17-К/26, 07.08.2026, FARM	<LOQ %w/w	197-17-К/26, 07.08.2026, FARM	<LOQ %w/w	197-17-К/26, 07.08.2026, FARM	—	—			—	—	—	—	—	—	—	—	—	—	ND	197-17-М/26, 10.08.2026, FARM	ND ; ND ; ND ; ND (all four aflatoxins not detected)	197-17-М/26, 10.08.2026, FARM ; 197-17-М/26, 10.08.2026, FARM ; 197-17-М/26, 10.08.2026, FARM ; 197-17-М/26, 10.08.2026, FARM	ND	197-17-М/26, 10.08.2026, FARM	—	—	—	—	—	—	—	—	—	—
17	2024-10	CoQ-PP-2026-0017	OPM1024_02	P050062	Orange Punch Mimosa	OPM_THC16:CBD1	R1 · Jun 2025	Conforms	iCoA-PP-2026-0031 (proposed), 13.08.2026, PP	Conforms	iCoA-PP-2026-0031 (proposed), 13.08.2026, PP	Missing / not tested	—	18.27	Grade III, 13.00 – 19.00	ППК21554, 24.06.2025, CNP	0.05	ППК21554, 24.06.2025, CNP	—	—	Conforms	iCoA-PP-2026-0030 (proposed), 13.08.2026, PP	6.89	ППК21554, 24.06.2025, CNP	3.4×10³	588/1067/25, 13.06.2025, IPH	3.6×10³	588/1067/25, 13.06.2025, IPH	<10	588/1067/25, 13.06.2025, IPH	Одговара (absent)	588/1067/25, 13.06.2025, IPH	Одговара (absent)	588/1067/25, 13.06.2025, IPH	—	—	<2	2994/2025, 19.06.2025, IPH	—	—	0.052	2994/2025, 19.06.2025, IPH	0.011	2994/2025, 19.06.2025, IPH	0.028	2994/2025, 19.06.2025, IPH	0.061	2994/2025, 19.06.2025, IPH	ND / <LOQ (13 analytes)	2994/2025, 19.06.2025, IPH
							R2 · Aug 2026	—	—	—	—			18.04	Grade III, 13.00 – 19.00	197-18-К/26, 07.08.2026, FARM	<LOQ %w/w	197-18-К/26, 07.08.2026, FARM	<LOQ %w/w	197-18-К/26, 07.08.2026, FARM	—	—	—	—	—	—	—	—	—	—	—	—	—	—	ND	197-18-М/26, 10.08.2026, FARM	ND ; ND ; ND ; ND (all four not detected)	197-18-М/26, 10.08.2026, FARM ; 197-18-М/26, 10.08.2026, FARM ; 197-18-М/26, 10.08.2026, FARM ; 197-18-М/26, 10.08.2026, FARM	ND	197-18-М/26, 10.08.2026, FARM	—	—	—	—	—	—	—	—	—	—
20	2025-05	CoQ-PP-2026-0020	CJ052501/1	P050162	Cap Junky	CJ_THC22.5:CBD1	R1 · Sep 2025	Conforms	iCoA-PP-2026-0036 (proposed), 13.08.2026, PP	Conforms	iCoA-PP-2026-0036 (proposed), 13.08.2026, PP	Missing / not tested	—	20.29	Grade II, 19.75 – 25.25	ППК25280, 17.09.2025, CNP	0.07	ППК25280, 17.09.2025, CNP	—	—	Conforms	iCoA-PP-2026-0035 (proposed), 13.08.2026, PP	7.93	ППК25280, 17.09.2025, CNP	2.8×10⁴	949/1687/25, 17.09.2025, IPH	1.7×10⁴ CFU/g [DATA INTEGRITY FLAG — see source]	949/1687/25, 17.09.2025, IPH	<10³ and >10²	949/1687/25, 17.09.2025, IPH	Одговара (absent)	949/1687/25, 17.09.2025, IPH	Одговара (absent)	949/1687/25, 17.09.2025, IPH	—	—	<2	4350/2025, 15.09.2025, IPH	—	—	0.085	4350/2025, 15.09.2025, IPH	N.D.	4350/2025, 15.09.2025, IPH	N.D.	4350/2025, 15.09.2025, IPH	N.D.	4350/2025, 15.09.2025, IPH	ND / <LOQ (13 analytes)	4350/2025, 15.09.2025, IPH
							R2 · Aug 2026	—	—	—	—			24.05	Grade II, 19.75 – 25.25	197-3-К/26, 07.08.2026, FARM	<LOQ %w/w	197-3-К/26, 07.08.2026, FARM	<LOQ %w/w	197-3-К/26, 07.08.2026, FARM	—	—	—	—	—	—	—	—	—	—	—	—	—	—	ND	197-3-М/26, 10.08.2026, FARM	ND ; ND ; ND ; ND (all four not detected)	197-3-М/26, 10.08.2026, FARM ; 197-3-М/26, 10.08.2026, FARM ; 197-3-М/26, 10.08.2026, FARM ; 197-3-М/26, 10.08.2026, FARM	ND	197-3-М/26, 10.08.2026, FARM	—	—	—	—	—	—	—	—	—	—
22	2025-05	CoQ-PP-2026-0022	GP052501	P050152	Grape Pie	GP_THC20:CBD1	R1 · Sep 2025	Conforms	iCoA-PP-2026-0040 (proposed), 13.08.2026, PP	Conforms	iCoA-PP-2026-0040 (proposed), 13.08.2026, PP	Missing / not tested	—	18.98	Grade III, 18.00 – 22.00	ППК25279, 19.09.2025, CNP	0.08	ППК25279, 19.09.2025, CNP	—	—	Conforms	iCoA-PP-2026-0039 (proposed), 13.08.2026, PP	7.30	ППК25279, 19.09.2025, CNP	2.1×10⁴	946/1684/25, 17.09.2025, IPH	3.6×10³ CFU/g [DATA INTEGRITY FLAG — see source]	946/1684/25, 17.09.2025, IPH	<10² and >10¹	946/1684/25, 17.09.2025, IPH	Одговара (absent)	946/1684/25, 17.09.2025, IPH	Одговара (absent)	946/1684/25, 17.09.2025, IPH	—	—	<2	4348/2025, 15.09.2025, IPH	—	—	0.06	4348/2025, 15.09.2025, IPH	N.D.	4348/2025, 15.09.2025, IPH	N.D.	4348/2025, 15.09.2025, IPH	N.D.	4348/2025, 15.09.2025, IPH	ND / <LOQ (13 analytes)	4348/2025, 15.09.2025, IPH
							R2 · Aug 2026	—	—	—	—			18.52	Grade III, 18.00 – 22.00	197-10-К/26, 07.08.2026, FARM	<LOQ %w/w	197-10-К/26, 07.08.2026, FARM	<LOQ %w/w	197-10-К/26, 07.08.2026, FARM	—	—	—	—	—	—	—	—	—	—	—	—	—	—	ND	197-10-М/26, 10.08.2026, FARM	ND ; ND ; ND ; ND (all four not detected)	197-10-М/26, 10.08.2026, FARM ; 197-10-М/26, 10.08.2026, FARM ; 197-10-М/26, 10.08.2026, FARM ; 197-10-М/26, 10.08.2026, FARM	ND	197-10-М/26, 10.08.2026, FARM	—	—	—	—	—	—	—	—	—	—
26	2025-06	CoQ-PP-2026-0026	CJ062501/2	P050212	Cap Junky	CJ_THC17:CBD1	R1 · Oct 2025	—	—	Conforms	iCoA-PP-2026-0047 (proposed), 13.08.2026, PP	Confirms	ППК25322, 23.10.2025, CNP	16.56	Grade III, 13.93 – 19.75	ППК25322, 23.10.2025, CNP	0.14	ППК25322, 23.10.2025, CNP	—	—	—	—	6.70	ППК25322, 23.10.2025, CNP	2.2×10^4	1032/1851/25, 17.10.2025, IPH	4.9×10^3	1032/1851/25, 17.10.2025, IPH	< 10^4 and > 10^3	1032/1851/25, 17.10.2025, IPH	Odgovara (Absent)	1032/1851/25, 17.10.2025, IPH	Odgovara (Absent)	1032/1851/25, 17.10.2025, IPH	—	—	<2	4908/2025, 24.10.2025, IPH	—	—	0.026	4908/2025, 24.10.2025, IPH	0.002	4908/2025, 24.10.2025, IPH	0.011	4908/2025, 24.10.2025, IPH	0.012	4908/2025, 24.10.2025, IPH	Lindan (Gama HCH): Н.д. (not detected); Aldrin: Н.д. (not detected); Dieldrin i Aldrin (expressed as Dieldrin): Н.д. (not detected); HCB (Hexachlorobenzene): Н.д. (not detected); 4,4' DDE: Н.д. (not detected); 4,4' DDD: Н.д. (not detected); 4,4' DDT: Н.д. (not detected); Vkupno DDT (Total DDT): Н.д. (not detected); delta HCH: Н.д. (not detected); alpha HCH: Н.д. (not detected); beta HCH: Н.д. (not detected); Endrin: Н.д. (not detected); Chlorpyriphos-methyl: Н.д. (not detected); Chlorpyrifos (Chlorpyriphos-ethyl): Н.д. (not detected); Heptachlor (sum of Heptachlor + Heptachlor epoxide): Н.д. (not detected); Endosulfan (alpha, beta and endosulfan sulfate): Н.д. (not detected); Deltamethrin: Н.д. (not detected); Chlordane (sum of cis- and trans-chlordane): Н.д. (not detected); Metoxychlor: Н.д. (not detected); Heptachlor epoxide: Н.д. (not detected); Endrin aldehyde: Н.д. (not detected); alpha Endosulfan: Н.д. (not detected); beta Endosulfan: Н.д. (not detected); Endrin keton: Н.д. (not detected); trans-Chlordane: Н.д. (not detected); cis-Chlordane: Н.д. (not detected); Dieldrin: Н.д. (not detected); Heptachlor: Н.д. (not detected); Endosulfan sulfate: Н.д. (not detected)	4908/2025, 24.10.2025, IPH
							R2 · Jan 2026	Confirms	PP CoA #028, 24.01.2026, PP	—	—	—	—	—	—	—	—	—	—	—	Confirms	PP CoA #028, 24.01.2026, PP	—	—	—	—	—	—	—	—	—	—	—	—	—	—	—	—	—	—	—	—	—	—	—	—	—	—	—	—
							R3 · Aug 2026	—	—	—	—	—	—	18.91	Grade III, 13.93 – 19.75	197-4-К/26, 07.08.2026, FARM	<LOQ %w/w	197-4-К/26, 07.08.2026, FARM	<LOQ %w/w	197-4-К/26, 07.08.2026, FARM	—	—	—	—	—	—	—	—	—	—	—	—	—	—	ND	197-4-М/26, 10.08.2026, FARM	ND ; ND ; ND ; ND (all four not detected)	197-4-М/26, 10.08.2026, FARM ; 197-4-М/26, 10.08.2026, FARM ; 197-4-М/26, 10.08.2026, FARM ; 197-4-М/26, 10.08.2026, FARM	ND	197-4-М/26, 10.08.2026, FARM	—	—	—	—	—	—	—	—	—	—
35	2025-08	CoQ-PP-2026-0035	CJ082501/2	P060032	Cap Junky	CJ_THC22.5:CBD1 / CJ_THC17:CBD1	R1 · Jan–Feb 2026	Confirms	PP CoA #034, 20.02.2026, PP	Conforms	iCoA-PP-2026-0061 (proposed), 13.08.2026, PP	Confirms	ППК26003, 21.01.2026, CNP	20.84	Grade II, 19.75 – 25.25	ППК26003, 21.01.2026, CNP	0.08	ППК26003, 21.01.2026, CNP	—	—	Confirms	PP CoA #034, 20.02.2026, PP	7.37	ППК26003, 21.01.2026, CNP	9.5×10^2	4/0007/26, 20.01.2026, IPH	1.2×10^3	4/0007/26, 20.01.2026, IPH	< 10^2 and > 10	4/0007/26, 20.01.2026, IPH	Odgovara (Absent)	4/0007/26, 20.01.2026, IPH	<10	4/0007/26, 20.01.2026, IPH	—	—	<2	82/2026, 02.02.2026, IPH	—	—	0.073	82/2026, 02.02.2026, IPH	Н.д.	82/2026, 02.02.2026, IPH	Н.д.	82/2026, 02.02.2026, IPH	Н.д.	82/2026, 02.02.2026, IPH	Lindan (Gama HCH): Н.д. (not detected); Aldrin: Н.д. (not detected); Dieldrin i Aldrin (expressed as Dieldrin): Н.д. (not detected); HCB (Hexachlorobenzene): Н.д. (not detected); 4,4' DDE: Н.д. (not detected); 4,4' DDD: Н.д. (not detected); 4,4' DDT: Н.д. (not detected); Vkupno DDT (Total DDT): Н.д. (not detected); delta HCH: Н.д. (not detected); alpha HCH: Н.д. (not detected); beta HCH: Н.д. (not detected); Endrin: Н.д. (not detected); Chlorpyriphos-methyl: Н.д. (not detected); Chlorpyrifos (Chlorpyriphos-ethyl): Н.д. (not detected); Heptachlor (sum of Heptachlor + Heptachlor epoxide): Н.д. (not detected); Endosulfan (alpha, beta and endosulfan sulfate): Н.д. (not detected); Deltamethrin: Н.д. (not detected); Chlordane (sum of cis- and trans-chlordane): Н.д. (not detected); Metoxychlor: Н.д. (not detected); Heptachlor epoxide: Н.д. (not detected); Endrin aldehyde: Н.д. (not detected); alpha Endosulfan: Н.д. (not detected); beta Endosulfan: Н.д. (not detected); Endrin keton: Н.д. (not detected); trans-Chlordane: Н.д. (not detected); cis-Chlordane: Н.д. (not detected); Dieldrin: Н.д. (not detected); Heptachlor: Н.д. (not detected); Endosulfan sulfate: Н.д. (not detected)	82/2026, 02.02.2026, IPH
							R2 · Aug 2026	—	—	—	—	—	—	18.29	Grade III, 13.93 – 19.75	197-5-К/26, 07.08.2026, FARM	<LOQ %w/w	197-5-К/26, 07.08.2026, FARM	<LOQ %w/w	197-5-К/26, 07.08.2026, FARM	—	—	—	—	—	—	—	—	—	—	—	—	—	—	ND µg/kg (all four)	197-5-М/26, 10.08.2026, FARM	ND (all four not detected)	197-5-М/26, 10.08.2026, FARM	ND	197-5-М/26, 10.08.2026, FARM	—	—	—	—	—	—	—	—	—	—
37	2025-08	CoQ-PP-2026-0037	GP082501/2	P050322	Grape Pie	GP_THC16:CBD1	R1 · Dec 2025 – Jan 2026	Conforms	iCoA-PP-2026-0065 (proposed), 13.08.2026, PP	Conforms	iCoA-PP-2026-0065 (proposed), 13.08.2026, PP	Missing / not tested	—	14.83	Grade IV, 13.83 – 18.00	PP CoA #021 / ППК25381, 21.01.2026, CNP	0.11	PP CoA #021 / ППК25381, 21.01.2026, CNP	—	—	Conforms	iCoA-PP-2026-0064 (proposed), 13.08.2026, PP	6.88	PP CoA #021 / ППК25381, 21.01.2026, CNP	3.2×10^3	1227/2193/25, 05.12.2025, IPH	5.8×10^3	1227/2193/25, 05.12.2025, IPH	<10¹ and >10³	1227/2193/25, 05.12.2025, IPH	Odgovara (Absent)	1227/2193/25, 05.12.2025, IPH	Odgovara (Absent)	1227/2193/25, 05.12.2025, IPH	—	—	<2	5889/2025, 12.12.2025, IPH	—	—	0.013	5889/2025, 12.12.2025, IPH	0.003	5889/2025, 12.12.2025, IPH	0.02	5889/2025, 12.12.2025, IPH	0.016	5889/2025, 12.12.2025, IPH	Lindan (Gama HCH): Н.д. (not detected); Aldrin: Н.д. (not detected); Dieldrin i Aldrin (expressed as Dieldrin): Н.д. (not detected); HCB (Hexachlorobenzene): Н.д. (not detected); 4,4' DDE: Н.д. (not detected); 4,4' DDD: Н.д. (not detected); 4,4' DDT: Н.д. (not detected); Vkupno DDT (Total DDT): Н.д. (not detected); delta HCH: Н.д. (not detected); alpha HCH: Н.д. (not detected); beta HCH: Н.д. (not detected); Endrin: Н.д. (not detected); Chlorpyriphos-methyl: Н.д. (not detected); Chlorpyrifos (Chlorpyriphos-ethyl): Н.д. (not detected); Heptachlor (sum of Heptachlor + Heptachlor epoxide): Н.д. (not detected); Endosulfan (alpha, beta and endosulfan sulfate): Н.д. (not detected); Deltamethrin: Н.д. (not detected); Chlordane (sum of cis- and trans-chlordane): Н.д. (not detected); Metoxychlor: Н.д. (not detected); Heptachlor epoxide: Н.д. (not detected); Endrin aldehyde: Н.д. (not detected); alpha Endosulfan: Н.д. (not detected); beta Endosulfan: Н.д. (not detected); Endrin keton: Н.д. (not detected); trans-Chlordane: Н.д. (not detected); cis-Chlordane: Н.д. (not detected); Dieldrin: Н.д. (not detected); Heptachlor: Н.д. (not detected); Endosulfan sulfate: Н.д. (not detected)	5889/2025, 12.12.2025, IPH
							R2 · Aug 2026	—	—	—	—			15.70	Grade IV, 13.83 – 18.00	197-12-К/26, 07.08.2026, FARM	<LOQ %w/w	197-12-К/26, 07.08.2026, FARM	<LOQ %w/w	197-12-К/26, 07.08.2026, FARM	—	—	—	—	—	—	—	—	—	—	—	—	—	—	ND µg/kg (all four)	197-12-М/26, 10.08.2026, FARM	ND (all four not detected)	197-12-М/26, 10.08.2026, FARM	ND	197-12-М/26, 10.08.2026, FARM	—	—	—	—	—	—	—	—	—	—
43	2025-09	CoQ-PP-2026-0043	PM092501	P060062	Permanent Marker	PM_THC16.5:CBD1 / PM_THC11.5:CBD1	R1 · Jan–Feb 2026	Confirms	PP CoA #036, 20.02.2026, PP	Conforms	iCoA-PP-2026-0072 (proposed), 13.08.2026, PP	Confirms	ППК26004, 21.01.2026, CNP	14.06	Grade III, 14.00 – 19.00	ППК26004, 21.01.2026, CNP	0.05	ППК26004, 21.01.2026, CNP	—	—	Confirms	PP CoA #036, 20.02.2026, PP	7.97	ППК26004, 21.01.2026, CNP	2×10^3	6/0009/26, 20.01.2026, IPH	2.2×10^3	6/0009/26, 20.01.2026, IPH	<10	6/0009/26, 20.01.2026, IPH	Odgovara (Absent)	6/0009/26, 20.01.2026, IPH	<10	6/0009/26, 20.01.2026, IPH	—	—	<2	83/2026, 02.02.2026, IPH	—	—	0.03	83/2026, 02.02.2026, IPH	Н.д.	83/2026, 02.02.2026, IPH	Н.д.	83/2026, 02.02.2026, IPH	Н.д.	83/2026, 02.02.2026, IPH	Lindan (Gama HCH): Н.д. (not detected); Aldrin: Н.д. (not detected); Dieldrin i Aldrin (expressed as Dieldrin): Н.д. (not detected); HCB (Hexachlorobenzene): Н.д. (not detected); 4,4' DDE: Н.д. (not detected); 4,4' DDD: Н.д. (not detected); 4,4' DDT: Н.д. (not detected); Vkupno DDT (Total DDT): Н.д. (not detected); delta HCH: Н.д. (not detected); alpha HCH: Н.д. (not detected); beta HCH: Н.д. (not detected); Endrin: Н.д. (not detected); Chlorpyriphos-methyl: Н.д. (not detected); Chlorpyrifos (Chlorpyriphos-ethyl): Н.д. (not detected); Heptachlor (sum of Heptachlor + Heptachlor epoxide): Н.д. (not detected); Endosulfan (alpha, beta and endosulfan sulfate): Н.д. (not detected); Deltamethrin: Н.д. (not detected); Chlordane (sum of cis- and trans-chlordane): Н.д. (not detected); Metoxychlor: Н.д. (not detected); Heptachlor epoxide: Н.д. (not detected); Endrin aldehyde: Н.д. (not detected); alpha Endosulfan: Н.д. (not detected); beta Endosulfan: Н.д. (not detected); Endrin keton: Н.д. (not detected); trans-Chlordane: Н.д. (not detected); cis-Chlordane: Н.д. (not detected); Dieldrin: Н.д. (not detected); Heptachlor: Н.д. (not detected); Endosulfan sulfate: Н.д. (not detected)	83/2026, 02.02.2026, IPH
							R2 · Aug 2026	—	—	—	—	—	—	12.25	Grade IV, 9.01 – 14.00	197-20-К/26, 07.08.2026, FARM	<LOQ %w/w	197-20-К/26, 07.08.2026, FARM	<LOQ %w/w	197-20-К/26, 07.08.2026, FARM	—	—	—	—	—	—	—	—	—	—	—	—	—	—	ND µg/kg (all four)	197-20-М/26, 10.08.2026, FARM	ND (all four not detected)	197-20-М/26, 10.08.2026, FARM	ND	197-20-М/26, 10.08.2026, FARM	—	—	—	—	—	—	—	—	—	—
46	2025-10	CoQ-PP-2026-0046	J31102501	P060152	Jokerz 31	J31_THC20:CBD1	R1 · Mar 2026	Conforms	iCoA-PP-2026-0077 (proposed), 13.08.2026, PP	Conforms	iCoA-PP-2026-0077 (proposed), 13.08.2026, PP	Missing / not tested	—	19.14	Grade II, 16.50 – 23.50	051-1-K/26, 04.03.2026, FARM	< LOQ (<0.20%)	051-1-K/26, 04.03.2026, FARM	< LOQ	051-1-K/26, 04.03.2026, FARM	Conforms	iCoA-PP-2026-0076 (proposed), 13.08.2026, PP	6.3	051-1-GS/26, 02.03.2026, FARM	Missing / not tested	—	Missing / not tested	—	Missing / not tested	—	Missing / not tested	—	Missing / not tested	—	—	—	—	—	—	—	Missing / not tested	—	Missing / not tested	—	Missing / not tested	—	Missing / not tested	—	Missing / not tested	—
							R2 · Aug 2026	—	—	—	—			17.32	Grade II, 16.50 – 23.50	197-16-К/26, 07.08.2026, FARM	<LOQ %w/w	197-16-К/26, 07.08.2026, FARM	<LOQ %w/w	197-16-К/26, 07.08.2026, FARM	—	—	—	—											ND	197-16-М/26, 10.08.2026, FARM	ND ; ND ; ND ; ND (all four aflatoxins not detected)	197-16-М/26, 10.08.2026, FARM ; 197-16-М/26, 10.08.2026, FARM ; 197-16-М/26, 10.08.2026, FARM ; 197-16-М/26, 10.08.2026, FARM	ND	197-16-М/26, 10.08.2026, FARM										
53	2025-11	CoQ-PP-2026-0053	JD112501	P060212	Jelly Donutz	JD_THC20:CBD1 / JD_THC15:CBD1	R1 · May 2026	Conforms	iCoA-PP-2026-0091 (proposed), 13.08.2026, PP	Conforms	iCoA-PP-2026-0091 (proposed), 13.08.2026, PP	Missing / not tested	—	19.64 ; 13.93	Grade III, 18.00 – 22.00 ; Grade IV, 12.50 – 18.00	ППК26063, 11.05.2026, CNP ; ППК26065, 11.05.2026, CNP	0.06 ; 0.04	ППК26063, 11.05.2026, CNP ; ППК26065, 11.05.2026, CNP	—	—	Conforms	iCoA-PP-2026-0090 (proposed), 13.08.2026, PP	6.69 ; 6.38	ППК26063, 11.05.2026, CNP ; ППК26065, 11.05.2026, CNP	Missing / not tested	—	Missing / not tested	—	Missing / not tested	—	Missing / not tested	—	Missing / not tested	—	—	—	—	—	—	—	Missing / not tested	—	Missing / not tested	—	Missing / not tested	—	Missing / not tested	—	Missing / not tested	—
							R2 · Aug 2026	—	—	—	—			20.32	Grade III, 18.00 – 22.00	197-15-К/26, 07.08.2026, FARM	<LOQ %w/w	197-15-К/26, 07.08.2026, FARM	<LOQ %w/w	197-15-К/26, 07.08.2026, FARM	—	—	—	—											ND	197-15-М/26, 10.08.2026, FARM	ND ; ND ; ND ; ND (all four aflatoxins not detected)	197-15-М/26, 10.08.2026, FARM ; 197-15-М/26, 10.08.2026, FARM ; 197-15-М/26, 10.08.2026, FARM ; 197-15-М/26, 10.08.2026, FARM	ND	197-15-М/26, 10.08.2026, FARM										
59	2025-12	CoQ-PP-2026-0059	OPM122501	P060242	Orange Punch Mimosa	OPM_THC10:CBD1	R1 · Apr 2026	Conforms	iCoA-PP-2026-0103 (proposed), 13.08.2026, PP	Conforms	iCoA-PP-2026-0103 (proposed), 13.08.2026, PP	Missing / not tested	—	8.09	Grade IV, 7.09 – 13.00	100-4-К/26, 09.04.2026, FARM	< LOQ (<0.20%)	100-4-К/26, 09.04.2026, FARM	< LOQ	100-4-К/26, 09.04.2026, FARM	Conforms	iCoA-PP-2026-0102 (proposed), 13.08.2026, PP	6.6	100-4-ГС/26, 09.04.2026, FARM	120	229/0392/26, 07.04.2026, IPH	100	229/0392/26, 07.04.2026, IPH	<10	229/0392/26, 07.04.2026, IPH	Одговара (Complies/Absent)	229/0392/26, 07.04.2026, IPH	Одговара (Complies/Absent)	229/0392/26, 07.04.2026, IPH	—	—	2.2	1627/2026, 23.04.2026, IPH	—	—	0.049	1627/2026, 23.04.2026, IPH	0.165	1627/2026, 23.04.2026, IPH	н.д.	1627/2026, 23.04.2026, IPH	н.д.	1627/2026, 23.04.2026, IPH	Lindan (Gama HCH): н.д.; Aldrin: н.д.; Dieldrin и Aldrin (expressed as Dieldrin): н.д.; HCB: н.д.; 4,4' DDE: н.д.; 4,4' DDD: н.д.; 4,4' DDT: н.д.; вкупно DDT (total DDT): н.д.; delta HCH: н.д.; alpha HCH: н.д.; beta HCH: н.д.; Endrin: н.д.; Chlorpyrifos-methyl: н.д.; Chlorpyrifos: н.д.; Heptachlor (sum of Heptachlor + Heptachlor epoxide): н.д.; Endosulfan (alpha, beta and endosulfan sulfate): н.д.; Deltamethrin: н.д.; Chlordane (sum of cis- and trans-chlordane): н.д.; Metoxychlor: н.д.; Heptachlor epoxide: н.д.; Endrin aldehyde: н.д.; alpha Endosulfan: н.д.; beta Endosulfan: н.д.; Endrin keton: н.д.; trans-Chlordane: н.д.; cis-Chlordane: н.д.; Dieldrin: н.д.; Heptachlor: н.д.; Endosulfan sulfate: н.д.	1627/2026, 23.04.2026, IPH
							R2 · Aug 2026	—	—	—	—			7.91	Grade IV, 7.09 – 13.00	197-19-К/26, 07.08.2026, FARM	<LOQ %w/w	197-19-К/26, 07.08.2026, FARM	<LOQ %w/w	197-19-К/26, 07.08.2026, FARM	—	—	—	—	—	—	—	—	—	—	—	—	—	—	ND	197-19-М/26, 10.08.2026, FARM	ND ; ND ; ND ; ND (all four aflatoxins not detected)	197-19-М/26, 10.08.2026, FARM ; 197-19-М/26, 10.08.2026, FARM ; 197-19-М/26, 10.08.2026, FARM ; 197-19-М/26, 10.08.2026, FARM	ND	197-19-М/26, 10.08.2026, FARM	—	—	—	—	—	—	—	—	—	—
60	2026-01	CoQ-PP-2026-0060	CC012601/1	P060332	Cash Cow	CC_THC18:CBD1	R1 · Aug 2026	Conforms	iCoA-PP-2026-0105 (proposed), 13.08.2026, PP	Conforms	iCoA-PP-2026-0105 (proposed), 13.08.2026, PP	Missing / not tested	—	17.67	Grade III, 15.50 – 20.50	197-6-К/26, 07.08.2026, FARM	<LOQ %w/w	197-6-К/26, 07.08.2026, FARM	<LOQ %w/w	197-6-К/26, 07.08.2026, FARM	Conforms	iCoA-PP-2026-0104 (proposed), 13.08.2026, PP	Missing / not tested	—	Missing / not tested	—	Missing / not tested	—	Missing / not tested	—	Missing / not tested	—	Missing / not tested	—	ND	197-6-М/26, 10.08.2026, FARM	ND ; ND ; ND ; ND (all four aflatoxins not detected)	197-6-М/26, 10.08.2026, FARM ; 197-6-М/26, 10.08.2026, FARM ; 197-6-М/26, 10.08.2026, FARM ; 197-6-М/26, 10.08.2026, FARM	ND	197-6-М/26, 10.08.2026, FARM	Missing / not tested	—	Missing / not tested	—	Missing / not tested	—	Missing / not tested	—	Missing / not tested	—
64	2026-01	CoQ-PP-2026-0064	FB012602	P060352	Fat Bastard	FB_THC16.5:CBD1	R1 · Aug 2026	Conforms	iCoA-PP-2026-0113 (proposed), 13.08.2026, PP	Conforms	iCoA-PP-2026-0113 (proposed), 13.08.2026, PP	Missing / not tested	—	18.86	Grade III, 13.68 – 19.25	197-7-К/26, 07.08.2026, FARM	<LOQ %w/w	197-7-К/26, 07.08.2026, FARM	0.22	197-7-К/26, 07.08.2026, FARM	Conforms	iCoA-PP-2026-0112 (proposed), 13.08.2026, PP	Missing / not tested	—	Missing / not tested	—	Missing / not tested	—	Missing / not tested	—	Missing / not tested	—	Missing / not tested	—	ND	197-7-М/26, 10.08.2026, FARM	ND ; ND ; ND ; ND (all four aflatoxins not detected)	197-7-М/26, 10.08.2026, FARM ; 197-7-М/26, 10.08.2026, FARM ; 197-7-М/26, 10.08.2026, FARM ; 197-7-М/26, 10.08.2026, FARM	ND	197-7-М/26, 10.08.2026, FARM	Missing / not tested	—	Missing / not tested	—	Missing / not tested	—	Missing / not tested	—	Missing / not tested	—
67	2026-01	CoQ-PP-2026-0067	GG012603	P060402	Gorilla Glue	GG_THC15:CBD1	R1 · Jun–Aug 2026	Conforms	iCoA-PP-2026-0116 (proposed), 13.08.2026, PP	Conforms	iCoA-PP-2026-0116 (proposed), 13.08.2026, PP	Conforms / Одговара	ППК26114, 30.06.2026, CNP	16.70 ; 17.59	Grade III, 12.34 – 18.00 ; Grade III, 12.34 – 18.00	197-8-К/26, 07.08.2026, FARM ; ППК26114, 30.06.2026, CNP	<LOQ %w/w ; 0.05	197-8-К/26, 07.08.2026, FARM ; ППК26114, 30.06.2026, CNP	<LOQ %w/w ; 0.15	197-8-К/26, 07.08.2026, FARM ; ППК26114, 30.06.2026, CNP	0.09% (Conforms)	ППК26114, 30.06.2026, CNP	6.48	ППК26114, 30.06.2026, CNP	Missing / not tested	—	Missing / not tested	—	Missing / not tested	—	Missing / not tested	—	Missing / not tested	—	ND	197-8-М/26, 10.08.2026, FARM	ND ; ND ; ND ; ND (all four aflatoxins not detected)	197-8-М/26, 10.08.2026, FARM ; 197-8-М/26, 10.08.2026, FARM ; 197-8-М/26, 10.08.2026, FARM ; 197-8-М/26, 10.08.2026, FARM	ND	197-8-М/26, 10.08.2026, FARM	Missing / not tested	—	Missing / not tested	—	Missing / not tested	—	Missing / not tested	—	Missing / not tested	—
70	2026-01	CoQ-PP-2026-0070	SCR012603	P060382	Scrambler	SCR_THC18.5:CBD1	R1 · Aug 2026	Conforms	iCoA-PP-2026-0120 (proposed), 13.08.2026, PP	Conforms	iCoA-PP-2026-0120 (proposed), 13.08.2026, PP	Missing / not tested	—	17.84	Grade III, 16.13 – 20.75	197-21-К/26, 07.08.2026, FARM	<LOQ %w/w	197-21-К/26, 07.08.2026, FARM	<LOQ %w/w	197-21-К/26, 07.08.2026, FARM	Conforms	iCoA-PP-2026-0119 (proposed), 13.08.2026, PP	Missing / not tested	—	Missing / not tested	—	Missing / not tested	—	Missing / not tested	—	Missing / not tested	—	Missing / not tested	—	ND	197-21-М/26, 10.08.2026, FARM	ND ; ND ; ND ; ND (all four aflatoxins not detected)	197-21-М/26, 10.08.2026, FARM ; 197-21-М/26, 10.08.2026, FARM ; 197-21-М/26, 10.08.2026, FARM ; 197-21-М/26, 10.08.2026, FARM	ND	197-21-М/26, 10.08.2026, FARM	Missing / not tested	—	Missing / not tested	—	Missing / not tested	—	Missing / not tested	—	Missing / not tested	—
