1-3qYPx9t5iZZPaqr2NAGaJvSb0dIKvS1	P050042_407-0745-25, 05.05.2025_IJZ-MB.pdf
1-BSzbaGmc9wcy8GOjTDhbIIsTJBF7CfA	HPA1024_197-13-M-26, 10.08.2026_FHM.pdf
1-OxM0FpqLEyXg4rC2nD2xOnpy8TZZR7d	BG1024_197-1-K-26, 07.08.2026_FHM.pdf
1-PzEbP-NSY9G4nMxzQFhZmLJgl7uq4WA	P050212_1032-1851-25, 17.10.2025_IJZ-MB.pdf
1-QtRgr0id31y5Kf55WFXZ0Ys3NL63TlH	P050092_320-0587-25, 14.04.2025_IJZ-MB.pdf
1-dmgzSorsrATjjutidOC12HcnP2cwh37	P060072_86-2026, 02.02.2026_IJZ.pdf
1-ruRxhKJ_SyBoc4n_AdZIGym_D6do3XN	OPM1024_197-17-M-26, 10.08.2026_FHM.pdf
10-gbQqeIOkB1ssrUz68b3otuKFDsuc9c	P050072_628-1129-25, 02.07.2025_IJZ-MB.pdf
10137WpbLuuEKMSvZH3G6vOG96BrvrQlF	P160022_ППК26118, 06.07.2026_CNP.pdf
103gaethwo5VhSttwOhuAL1ebWtexQfFv	P060212_197-15-M-26, 10.08.2026_FHM.pdf
10K6KshFG-ycy70PfG7vGCVMUDVfLmbNn	P050112_ППК25211, 28.07.2025_CNP.pdf
10RIvQ6-TidmPSdkizeFu-hrKFVndc2Ve	SJ112501_051-2-K-26, 04.03.2026_FHM.pdf
10btjzwrdpCEL--6ckZPPmNR4xUJit2Oq	GG012601＊_2364-2026, 30.04.2026_IJZ.pdf
11IxaRTp6oRXHegiNk3ceqMzAX1BFXrb6	P060012_80-2026, 02.02.2026_IJZ.pdf
11PPAORfW1xf5jC_B3voElzho9VKbuC-W	P050052_2995-2025, 19.06.2025_IJZ.pdf
11vbCN9zQ2h7r0f7W9FPdC91dctTUb59q	P050072_ППК26034, 05.03.2026_CNP.pdf
126oZVgHxLEUu38VDILSJ0LRKsHzzVvfk	SJ102501_051-3-K-26, 04.03.2026_FHM.pdf
12DWvU-EYy7sR_3DiNpl0fiXlNR8eGeCN	P050092_197-9-K-26, 07.08.2026_FHM.pdf
12IoCFUxZ7AobDMbdT-jXEq2sthauL2pb	P050272_5698-2025, 02.12.2025_IJZ.pdf
12SFz-X1lb_nyMs3LGL-w-zhEMVwo4zs7	P050222_4907-2025, 24.10.2025_IJZ.pdf
12kIQIJhfHQpy7vBhCib01wML0MASo8oJ	BG1024_197-1-M-26, 10.08.2026_FHM.pdf
12tQWmnBeafGwG-aiEzZmJLsUF2gs-nii	OPM122501_1627-2026, 23.04.2026_IJZ.pdf
13-r1UMDPD9MsRd7O8YD09WUIj11P8amg	J31122501_1625-2026, 23.04.2026_IJZ.pdf
13IrYJqXgUTyy7kc9Q1L4v8HaMhIs4RYj	P050182_4352-2025, 15.09.2025_IJZ.pdf
13RG4sru6KJwOd1C2Dwe9RrnsdN6aJtcV	P050272_1220-2171-25, 01.12.2025_IJZ-MB.pdf
13UrbS0TJxKTBiQYDASZ6HtrsuV1bZ_wd	P050092_197-9-M-26, 10.08.2026_FHM.pdf
13bnceY417aa4yvPpwLBJgsRKwQ58vaLn	P060332_197-6-K-26, 07.08.2026_FHM.pdf
148ardZZ8CJggfqiCeT6l9bmlqLHvqWaE	P050052_587-1066-25, 18.06.2025_IJZ-MB.pdf
14D_7TympJpTjTfFEL3v9x5XEDMXKAn9M	P060042_QCCoA 001v02, 20.02.2026_PP.pdf
14NWYtELMDfjB_X-59LH_QWFx_vhrOkGb	CC112501_ППК26068, 11.05.2026_CNP.pdf
14_KoVQqcj8CcZxkSDcefUWOCKu9mBOd7	JD022601_ППК26115, 30.06.2026_CNP.pdf
14a_JJ6UWo49rLhzZAxhD4c7rIBBEV5h5	P060072_10-0013-26, 20.01.2026_IJZ-MB.pdf
14lSl9tAmidxxjm7oY_4CZx1yTLtSUdos	J31122501_100-2-K-26, 09.04.2026_FHM.pdf
14qwu2oDZgADDIrB2SQtPZJL5RTDLw8Cq	P050192_276-31-M-25, 04.12.2025_FHM.pdf
150DzjdXkGEW_S0QRhOuOAYdxOB6u9o1p	P050212_197-4-K-26, 07.08.2026_FHM.pdf
15P9I9FkMcWXN-pmhj47K0vDTQ2Ru-Tat	P050262_5699-2025, 02.12.2025_IJZ.pdf
15eB5OfSDMf8UMXtu1RTqmEtLb0JlgkbG	P050032_406-0744-25, 05.05.2025_IJZ-MB.pdf
15gjM1c_Vx2tQyNB5OYhEvd9zanuF9cdu	FB032601_ППК26127, 21.07.2026_CNP.pdf
15mc3YRjZ6Nz_7kBG6tFyjuD5iINWTKUC	P060382_197-21-M-26, 10.08.2026_FHM.pdf
15pwy-yNdZRiFiDYJdmqCnJHJuLzMy-Dt	CC112501_311-0555-26, 28.04.2026_IJZ-MB.pdf
167IsA_tO7KzI9xKJokO8NQ9q3OJ7evFm	CC112501_2359-2026, 29.04.2026_IJZ.pdf
16T3Poxe-WLXJMwmCxvt28duWot62H7SC	HPA1024_NO-DOC-CODE (Report of Analysis), 23.04.2025_PP.pdf
17CXfgnjvpP37ykDy6Qged8OvcB-R0Nre	P050082_ППК25210, 28.07.2025_CNP.pdf
17EbvZ9xpMAtDWixXAjznn6FxrnNHtOzG	P060022_81-2026, 02.02.2026_IJZ.pdf
17YqJRD5pvJaUET8Yfnc7DcHjnSiOz-kI	P060382_197-21-K-26, 07.08.2026_FHM.pdf
17gdu0d0BazLsv-0tc8bGmmSiroUHPUuo	P050012_472-0863-25, 22.05.2025_IJZ-MB.pdf
17xHWzfgaZPy9x7VZBVGCTA3jytZmsl3V	BSS1024_197-2-M-26, 10.08.2026_FHM.pdf
181z2dXBJ4QhfyIO9XxYGlF2HI-UQAcg-	P060242_197-19-K-26, 07.08.2026_FHM.pdf
181zXj7u1tWVvnYg-Op4c_aoEnZO9myIc	FB012603_ППК26112, 30.06.2026_CNP.pdf
18CbYHMrP1TdQLt_uIPi8bffn4IvK4tuZ	P050082_QCCoA 001v02, 21.01.2026_PP.pdf
18DO8piqL13Ipm20zO5XNF3tSmT7CTY1i	P050132_QCCoA 001v02, 21.01.2026_PP.pdf
18Xl2PUQ4lcyLiGbf2X0pOcSbBoy7dwCe	BSS1024_161-0269-25, 24.02.2025_IJZ-MB.pdf
18_92xC--VpbVjWymhHCLzUrYEOotyFYf	P050202_1155-2056-25, 24.11.2025_IJZ-MB.pdf
18b8oWiuynDr6J1R4ir1jgIn4hzcBMBk5	P050102_ППК25105, 17.04.2025_CNP.pdf
18fK5n_R5dopZo__GNKKT6C3OmgKKMFbE	P050162_4350-2025, 15.09.2025_IJZ.pdf
18st-IraYQy0fsj4yUw8kFvlL-ZRlXOq4	P050262_1221-2172-25, 01.12.2025_IJZ-MB.pdf
18vE_HRvhM6C8VfrfEwHRN4O-uV950W3m	CJ1024_750-2025, 27.02.2025_IJZ.pdf
19BDRBo2zsZQ6ggQyCgcGAuRWYqK10hJH	J31112501_100-3-LoD-26, 09.04.2026_FHM.pdf
19JgJ2CHAPOmj5VsQqZ9ANWp9mAhSxHgG	P050212_197-4-M-26, 10.08.2026_FHM.pdf
19hwHQVAAXitH3rv2DMZdSHcZ1CxUEzka	JD112501_ППК26063, 11.05.2026_CNP.pdf
19lhlVlmQ9KkmXEGPAtB-wSqUMNYj5CXh	CJ1024_ППК25052, 26.02.2025_CNP.pdf
1A6PyZIOCmW4RON0BO9p7E2wvmoVTzgRl	JD112501＊_ППК26065, 11.05.2026_CNP.pdf
1A7v0r9O8m1HnWY7hYf6dS-4XSDXeyYOE	FB112501_312-0556-26, 28.04.2026_IJZ-MB.pdf
1AQuYuMiJOLIVd7ORZ-0gGoYtfKv2wWCO	P050252_ППК25367, 28.11.2025_CNP.pdf
1AXKtOP_J2NmicNMmBU7IpFnDL3XkHa5u	P050092_ППК25104, 17.04.2025_CNP.pdf
1AeOP22Jxxfg1B4XJen4Zp2ZZtrBRJvwP	GG012601＊_310-0554-26, 28.04.2026_IJZ-MB.pdf
1AmMzY9hWAGoOxPatqluO5x_FAzkcBSPz	P050042_2156-2025, 07.05.2025_IJZ.pdf
1B3Jskk8BlGRZAIl3BDH7lAbE2pypC3zD	P050022_QCCoA 001, 10.07.2025_PP.pdf
1B9qiy9tp7EeejTTOCk0hWqqCHiih8Ja8	BG1024_ППК25050, 26.02.2025_CNP.pdf
1BANJ_n03wWXdmAEIIYfr5lIe1LeJRger	P050192_5661-2025, 01.12.2025_IJZ.pdf
1BDMPPOudV2V23Xe7FMAMb_-P6U5TbR9F	P050302_5887-2025, 12.12.2025_IJZ.pdf
1BJ2kQ8LBJGCoyKl_xpKII_AR6BnA0_z6	J31122501_231-0394-26, 07.04.2026_IJZ-MB.pdf
1BOVX5cO29aRs8K5eZOxXrNBhtpC-4qir	JD112501_307-0551-26, 28.04.2026_IJZ-MB.pdf
1BU2qqCRVdw0YTvSPLWUSyHizDldPYupB	P050182_ППК25278, 19.09.2025_CNP.pdf
1BhzFZMjAfqOOXLz5AxOMzoAyMqnzB7s8	P060032_QCCoA 001v02, 20.02.2026_PP.pdf
1Bxic2EMuU_QAbDOj0PgM0k6Ar3pojN9W	P050202_ППК26037, 05.03.2026_CNP.pdf
1CFMTYfqqnIC1I5pnkhJlOdDURDpAtUox	P050162_197-3-K-26, 07.08.2026_FHM.pdf
1CHtNIOEl-BuazbxWmBL4g8VZ0HolZGpW	P050072_ППК25175, 10.07.2025_CNP.pdf
1CTebIuLMJ7yGsGYDzYjqcCUNLu_1n2Ab	P060072_QCCoA 001v02, 20.02.2026_PP.pdf
1CUCbpbTgPG9hVT680smU3eiStqrb3U5A	P060062_83-2026, 02.02.2026_IJZ.pdf
1CwkoyoiWeHOeaO6ltcS74WAcZ4HxmtOn	BSS1024_197-2-K-26, 07.08.2026_FHM.pdf
1DEj7rtLVAZzfyMFP9n0firp560Yeppup	FB012601_1_2362-2026, 30.04.2026_IJZ.pdf
1EIoWYTsrumn7xrxPDHgm2gdAnWKdxbtw	J31112501_051-5-K-26, 04.03.2026_FHM.pdf
1EO8E0LIMi3x2vnLwFNcJdQUZ96v4FoNj	P050282_1219-2170-25, 01.12.2025_IJZ-MB.pdf
1EYFrLiecOyzzcTOllQxt2Ox8nUeQpMbH	P050192_10802_2845-2 EN, 17.11.2025_DFL.pdf
1EbVY57rQW83CJEmg2pZNmvrPuTAtLM_L	J31122501_1628-2026, 23.04.2026_IJZ.pdf
1EdL_lbNZXwLnX2ng_q04YQWGDvuqc2lp	P060042_ППК26008, 21.01.2026_CNP.pdf
1EdZmQ5nKLRmRPiWU1lEuXFVA46w33sQw	P050322_ППК25381, 12.12.2025_CNP.pdf
1Erhb3mHOYiUv6onqY5u78dIsEFODkvAE	GG1024_NO-DOC-CODE (Report of Analysis), 23.04.2025_PP.pdf
1F5cAWUorHTwbBFsngMM1p0RXGq161p4B	P050162_ППК25280, 17.09.2025_CNP.pdf
1FERqPKxoNw3d13ufoB4Qs35obFbQpfoC	P160032_ППК26119, 06.07.2026_CNP.pdf
1FHbOuEPONtLUbFPKVJrxFg6I8TretNZP	GG032601_ППК26128, 21.07.2026_CNP.pdf
1FLQZF7B9WRed_cksz3iOp23EVdOFar72	P060042_87-2026, 03.02.2026_IJZ.pdf
1FnLRlKrJcwdGECoKaY_gaxgxw472l8Yh	P060092_88-2026, 03.02.2026_IJZ.pdf
1Fxi3OaxG5ahSBOPMgWSEpgivGg550Knh	SCR112501_2360-2026, 29.04.2026_IJZ.pdf
1G59Z4j0KoOj5mcFbbLswUHo1D0MAxAG0	OPM122501_100-4-LoD-26, 09.04.2026_FHM.pdf
1GAqcoFCA6hLK3ZPPqxPCzcyc_PJJKLzh	JD012601＊_309-0553-26, 28.04.2026_IJZ-MB.pdf
1GK9b5VT-zEsBzBW5CYWVyC_tHIDIxcST	P060092_5-0008-26, 20.01.2026_IJZ-MB.pdf
1GL7ha9EQZ26x67Lr9t01zh9m6_tjdiYU	P050062_197-18-M-26, 10.08.2026_FHM.pdf
1G_Jb0DTRs0s1wxX_l2hIntJDt98_jTix	P060152_197-16-M-26, 10.08.2026_FHM.pdf
1GazF52nEZWRg70mHrXl0zN1Qh1TxyJip	P050032_ППК25118, 06.05.2025_CNP.pdf
1Hir6vsXbsbha4emdbuBuh3UBANdcDsAS	P050092_1766-2025, 11.04.2025_IJZ.pdf
1HkzI9eudgp48yYjb51r1ZrzVNDwA-DRt	BSS1024_751-2025, 27.02.2025_IJZ.pdf
1I6y6wA1k5y1KKcx47x1of3w_KZ-sNHSZ	P050122_QCCoA 001, 22.09.2025_PP.pdf
1IET985rOSSijwK3USE8W-QaYHYIOj9fa	J31112501_100-1-LoD-26, 09.04.2026_FHM.pdf
1IG9V5OEmZbv3e6O-eGDv_V5fMEDPVFm2	P060032_197-5-M-26, 10.08.2026_FHM.pdf
1ITBVp3HA8m3Xor2wMzR9KyQaEzsXqWM0	P050052_ППК25155, 24.06.2025_CNP.pdf
1IY8RuYQcWQRTqOi8ZtMAEsC0RpO4a-ja	BG1024_QCCoA 001, 19.03.2025_PP.pdf
1InKoXCVDz1dElTMeE6cdL_RGHybsZM1-	P050212_ППК25322, 23.10.2025_CNP.pdf
1J9egXDYJFpAXvr5GmDuMkVoZAgZi902h	P050102_1767-2025, 11.04.2025_IJZ.pdf
1JANpJyAOOsH353ZwP_fi7Qvz8FUQfEGN	P050092_QCCoA 001, 31.07.2025_PP.pdf
1JkhjgjtiCd67oCTud-LsqxmMlvcc3JB6	P060042_2-0005-26, 20.01.2026_IJZ-MB.pdf
1JnUU9COP878955hiBrt9ofjkrprz3B6_	JD112501＊_2365-2026, 30.04.2026_IJZ.pdf
1JrcazC_FUK3jGy6DP3NcdzGvoDkSA7Ne	P050162_949-1687-25, 17.09.2025_IJZ-MB.pdf
1JwPckl7T6i2nhn6I1RZEOOOcpAxpnmh_	P050132_904-1589-25, 02.09.2025_IJZ-MB.pdf
1KMSiH7zHNxhC_ObdgqqOS3AAQIu8jvu1	P050102_QCCoA 001, 06.08.2025_PP.pdf
1KYnoJkMbCekOds8bLE17bNwaQJOBSxdk	GG012601＊_ППК26062, 11.05.2026_CNP.pdf
1Kk3SxdnnxyXbUqmjdnUy0gSyedi6nBhR	P050202_NGP-QCG-SOP-024 F3, 28.11.2025_NGP.pdf
1LABqnRTW7hNoGRjNxr06M9ZtZ1O74Ill	P050292_ППК25378, 12.12.2025_CNP.pdf
1LqxMy5OADxq6-K2dUIe-LgghWrTxMaSn	P050042_ППК25117, 06.05.2025_CNP.pdf
1M-8-PMobxB6v3aalhA-R6pvkz3AhKo0R	J31102501_051-1-K-26, 04.03.2026_FHM.pdf
1MFqrJZF9eXYCBrQKdeXL7EXPeOxwg35j	P060012_QCCoA 001v02, 20.02.2026_PP.pdf
1MLyTs9wcMK20nS8iDCxauJ0kw_aJkHJp	P050112_767-1376-25, 29.07.2025_IJZ-MB.pdf
1N1plj9RdRuq6Au2jiYwNXUHPPDz1wIPT	P060022_ППК26002, 21.01.2026_CNP.pdf
1NIFmWX_WtGWeYEcuHmc97EQGOWpW10v5	GG012603_ППК26114, 30.06.2026_CNP.pdf
1NKk2E-MYc8KusfBkeYVJePf5ccAfe6ZF	P050012_2472-2025, 30.05.2025_IJZ.pdf
1NNhnjSneM_HbeyBWEkurSCH4CMZxesJI	P050282_ППК25370, 28.11.2025_CNP.pdf
1Nu7U_WQNXY1lHDsBCyNrxHsCQ4m2i-S0	P060352_197-7-M-26, 10.08.2026_FHM.pdf
1O-Jaugr2DuXwMNrp2vgaOx_kMri_XiZX	JD112501＊_306-0550-26, 28.04.2026_IJZ-MB.pdf
1O6nsW1hG5J5fGspruoh-NCztSUg4MUD7	P050252_1218-2169-25, 01.12.2025_IJZ-MB.pdf
1PBCtnETA1VMtf4LuyDGdrfKIm6r_Dshg	PM112501_ППК26030, 05.03.2026_CNP.pdf
1PcD0sA0eMmdxHM5wq9Q7VUHozrWIXl4C	P050202_ППК26057, 11.05.2026_CNP.pdf
1Pvcby8XCd9MyU9rko71ysN4gyMWUIaIO	P050262_ППК25369, 28.11.2025_CNP.pdf
1Q20Yh4ezSKMwq8hpgv98PIwD9or-a2IQ	P060022_8-0011-26, 20.01.2026_IJZ-MB.pdf
1QKIXXG_JKV_1q3BcTaEOFFuPwwQprbIE	CJ1024_164-0272-25, 24.02.2025_IJZ-MB.pdf
1QO53BdKk2xAOgkiGp38SeBwJPi4T76BF	P050302_1229-2195-25, 05.12.2025_IJZ-MB.pdf
1QPutd-xOAOv2QH0cSyUT9v5uiFXvOwmF	P050322_QCCoA 001v02, 21.01.2026_PP.pdf
1Qfq1mcZAUUJ_Zccx8v8knq_tWLVeusqo	P050192_QCCoA 001v02, 04.12.2025_PP.pdf
1R219WxECi23Rauh99HBOTvW7vqgUXPFV	P050072_ППК26035, 05.03.2026_CNP.pdf
1R560xtYIy0wVoI-Y1HSnbvjrjqdpfow_	P050062_2994-2025, 19.06.2025_IJZ.pdf
1RUScCCDRI9Anu4rrlDGslTAqBLTOaJNg	P060032_ППК26003, 21.01.2026_CNP.pdf
1S3QbL6Dgus1qb8nkLzwOnOF4vTEgR2fz	SCR112501_305-0549-26, 28.04.2026_IJZ-MB.pdf
1SJ-pq3M4cfQTb0hTXd1BBaL5jVz-go1d	P050112_QCCoA 001v02, 21.01.2026_PP.pdf
1SKB-DN4NPfTga9grCAFi-updgmqHycVG	P060012_ППК26001, 21.01.2026_CNP.pdf
1SPoSFCvIQZCJpd-PhT1cjlX0pTglZWTp	P050272_ППК25368, 28.11.2025_CNP.pdf
1SwRL8Mx3DV4sswiBgMDuB0d3xIWTi_1N	P060352_197-7-K-26, 07.08.2026_FHM.pdf
1TECMQPu95yYk_hEjVB2uZH-hioF35Axh	P050302_QCCoA 001v02, 21.01.2026_PP.pdf
1TR0neYMG2bjmZ9CsNBTak7PF91eb7O70	P050132_ППК25257, 05.09.2025_CNP.pdf
1U5EPSlRoe1285jYf-4o9-vA-erFVfoV8	P050022_197-11-K-26, 07.08.2026_FHM.pdf
1VJU2a1KA5k3xPFDdeEHTdEqLyH4qWyXb	FB112501_2357-2026, 29.04.2026_IJZ.pdf
1VRWuT5gc0y2LSWFmUYnTKFVYWtJm_BCB	P050292_1228-2194-25, 05.12.2025_IJZ-MB.pdf
1VV3x9FlgIybZoEqE4L0mwFP5_qTMpsFz	P050312_QCCoA 001v02, 21.01.2026_PP.pdf
1VYvRcI8WrsKhvsgERu2RJaEDQ7yZbnxS	P060032_82-2026, 02.02.2026_IJZ.pdf
1VkDVZYrYTJtHIOmjk7r7pQCsciwQsANy	P060402_197-8-M-26, 10.08.2026_FHM.pdf
1Vnh2Qf_oX37ZSgoErRG6Db109MzsWCsp	P050192_1157-2058-25, 24.11.2025_IJZ-MB.pdf
1VxgDONu-YFzDxfxrdiTAncOAfnYN9Ok8	P050082_3636-2025, 28.07.2025_IJZ.pdf
1WP3PYIYRqJd8qBJljHDuDpmdQ_ezb-mc	P050022_627-1128-25, 02.07.2025_IJZ-MB.pdf
1WnNS3464TWph737aTGfv3PCU4jmTLP61	J31122501_100-3-K-26, 09.04.2026_FHM.pdf
1XJtYh69OA1rJlq0u78QSTKWUu8fZfS2y	OPM1024_NO-DOC-CODE (Report of Analysis), 23.04.2025_PP.pdf
1XUam7lM9HcPR00KIyx5aRivM48a7DpKe	J31112501_100-1-K-26, 09.04.2026_FHM.pdf
1YERZwHFtanavz05EBz3lkWvCKCMb1K9i	P060082_ППК26006, 21.01.2026_CNP.pdf
1YMjuPl02df1Jux2M-fDkWfgNRHcfGZgS	FB012601_1_308-0552-26, 28.04.2026_IJZ-MB.pdf
1Y_F0IjdnGCw5fDbnw96iLas5IjzhbYlz	P050202_4762-2025, 08.10.2025_IJZ.pdf
1YcSJyDyUE7Jw4karIXeIMGJP68QCM236	P060212_197-15-K-26, 07.08.2026_FHM.pdf
1YsDx8xRj8b_FhfYKljshP_9SZ1xZn36E	P050152_ППК25279, 19.09.2025_CNP.pdf
1YtkoQS3Q7gU7qAkUSnV76CA9nu_R-kgK	P050152_946-1684-25, 17.09.2025_IJZ-MB.pdf
1Z-MuH4YV4bNogxnkjetCL791Vaz2Xgsz	P050102_319-0586-25, 14.04.2025_IJZ-MB.pdf
1ZNU7y1MNHSG8zEg1AJh11QUFkQIpxXe-	P050172_4349-2025, 15.09.2025_IJZ.pdf
1ZjlEduc_GP-yWdRhgvlUvsoG4wgRkOBk	P060052_84-2026, 02.02.2026_IJZ.pdf
1ZnmcdxSny9PtC7iwWNw-ARxlm5eBOWtN	P050162_QCCoA 001, 22.09.2025_PP.pdf
1ZqOBKEy72Gu1moc3OhWYz_vOid-kthxZ	P050182_QCCoA 001, 22.09.2025_PP.pdf
1_Shekzw6aT8o2_JtmrEtRZyzxrOZVVKj	P050022_ППК25139, 22.05.2025_CNP.pdf
1_UeM94n-GARjoDwnSGPLdqR-COyZ77ow	J31112501_051-5-LoD-26, 02.03.2026_FHM.pdf
1_UtmBdZ8XrhH4VmtLlzy8SLDEJv93B-k	P050122_ППК25176, 10.07.2025_CNP.pdf
1_dsCSbO5G62koUa0cd5A845BXNEeCPGY	P050032_2157-2025, 07.05.2025_IJZ.pdf
1_pHHu4v1tXISFlntk0nSDPnVz3hvM6EO	P050152_4348-2025, 15.09.2025_IJZ.pdf
1_sYUTQdUObjpqKvNySZsQIxuAMvdmpdR	OPM122501_100-4-K-26, 09.04.2026_FHM.pdf
1a3fJLHfGKIY9hHYgu2rYKsPEfG-oaIGQ	JD112501_2361-2026, 30.04.2026_IJZ.pdf
1a4qmGsMEJOa4a9ZGkxbX8vQZK0bfmvdf	P060012_3-0006-26, 20.01.2026_IJZ-MB.pdf
1aP5UDmlcVExldCL82iu0zymJjxrh3KBZ	P050022_3176-2025, 26.06.2025_IJZ.pdf
1aWrfOk2sxBkbd3DbPyExHnEIQYDfiOik	P060062_6-0009-26, 20.01.2026_IJZ-MB.pdf
1aphoHjYgJtvCpAcow8uqWjdE5w7KDhpJ	FB012603V_ППК26110, 30.06.2026_CNP.pdf
1b--tn_DettIjEeAHvd5sdm1lc60fXmhx	P050062_QCCoA 001, 17.07.2025_PP.pdf
1b102sdS67a665DF4zQpO5ubiBts0Gj7e	P050322_1227-2193-25, 05.12.2025_IJZ-MB.pdf
1bKY1Ys9t26QVAktpSrzROG9nlvZs-xxx	P050122_626-1127-25, 02.07.2025_IJZ-MB.pdf
1bMSglk4ckymuNjpI6BwAT2SHvRSmVQMa	P050132_4157-2025, 29.08.2025_IJZ.pdf
1bfHgtd65fCcH647lon1sLgG44Yfso0Tz	P050222_1217-2168-25, 01.12.2025_IJZ-MB.pdf
1bhkbfrOZUlXh4UlEXkJLz80--PXbnufP	JD012601＊_2363-2026, 30.04.2026_IJZ.pdf
1bolxIdU7b1Ma4vhbFjEeKnYEXt-tzU2c	P050052_197-14-K-26, 07.08.2026_FHM.pdf
1c-TGLdtti6GOVXt0FUnT9xKThpHlzwui	JD012603_02V_ППК26111, 30.06.2026_CNP.pdf
1c-iWNvoiobGys7EQj9n01WljB_dApZKt	P060062_197-20-M-26, 10.08.2026_FHM.pdf
1d5CbsMrLfnrQbB013Bbr_Ah8Wr_l62zW	P050112_3638-2025, 28.07.2025_IJZ.pdf
1e-wZXXxblK4tOIHnn4qWpCJc_y44oEc4	P050062_197-18-K-26, 07.08.2026_FHM.pdf
1f-zfLUY1U78a0xxhIwEwpam_mPHZPhjo	P050192_NGP-QCG-SOP-024 F3, 28.11.2025_NGP.pdf
1f2JrPscsJa4msq4dOzRSogAKZEa8nzh2	FB012601_1_ППК26067, 11.05.2026_CNP.pdf
1f7OzzG8KPfD7efI1crDjvwWm-N2W2YPF	P050022_ППК26059, 11.05.2026_CNP.pdf
1gDAy-nmJRGEcS9ncolH_KKIFnGeChTOF	J31112501_100-2-LoD-26, 09.04.2026_FHM.pdf
1gMyhTGRamOe4da0XxxciUWsxoP3yhOZO	P050032_QCCoA 001, 15.05.2025_PP.pdf
1ghaQfxllnDdxrcfenb42iB0-f20v-DdG	P050292_5886-2025, 12.12.2025_IJZ.pdf
1hDQuDgBHN3er5vP_2Awr6x8FGpCQoeKQ	P050062_588-1067-25, 18.06.2025_IJZ-MB.pdf
1hQ-cQcj2fOHaUQlhPC61MZNijJ2nVJVx	P060332_197-6-M-26, 10.08.2026_FHM.pdf
1i6JtHOhYkTTmhfcE7Wt98RYNDcM7saG4	P050022_ППК25174, 10.07.2025_CNP.pdf
1iGNcT-Vx9Zr7LbyP26i6d__cbCoqGsWE	P050082_766-1375-25, 29.07.2025_IJZ-MB.pdf
1iNKfVBV5P0wB8RYCU9j6VmHmv7ZutJgj	P060402_197-8-K-26, 07.08.2026_FHM.pdf
1iUre784-8_y29A6_iibJeadyOenqyUjl	P060052_7-0010-26, 20.01.2026_IJZ-MB.pdf
1iWCRWmgTNyB6krDBNGUxw66n0LQMSJUf	P050172_947-1685-25, 17.09.2025_IJZ-MB.pdf
1i_VM-RgK3BQW6O-FBe0i58ppvKDfS0mL	P050322_197-12-M-26, 10.08.2026_FHM.pdf
1iasd6Wwc9PZJYcLRK92y-8gqwK09gyoM	P160012_ППК26117, 06.07.2026_CNP.pdf
1ilPweUdwUCaop3lfeutJnQYKbdrQY5Tc	P050102_318-0585-25, 14.04.2025_IJZ-MB.pdf
1jDIElJv7YngcurgvKTL1yDazQonS37W5	SCR022601_ППК26116, 06.07.2026_CNP.pdf
1jTyGHoVxN2q1C4BJGmr1Pfax4AJMvoGf	P050312_ППК25380, 12.12.2025_CNP.pdf
1jqlsRLoQNShKvilX_M3eiiDWIqp6JrsV	P050022_ППК26033, 05.03.2026_CNP.pdf
1jruTab7KRHo2WbZz4qoDffvWw_ttBayR	GG112501_ППК26061, 11.05.2026_CNP.pdf
1jxGuDiWxetXlJ8aiEb5hTRjntqfPJRE1	P050152_197-10-M-26, 10.08.2026_FHM.pdf
1k4kFpgvQpjg5vZTU11vxTs4PSSznjXyO	P050122_3177-2025, 26.06.2025_IJZ.pdf
1kf207hMbPOmn_893nDyPfFaofubT-OgT	P050162_197-3-M-26, 10.08.2026_FHM.pdf
1knkepdwELWPu-YFu6NL02kMUNaQVibu_	P050022_471-0862-25, 22.05.2025_IJZ-MB.pdf
1l1XdoBI1vc_KsgF3z9yZnb8exxfi2qKB	J31122501_230-0393-26, 07.04.2026_IJZ-MB.pdf
1l7M7M35V59-Jpnnfz_Ze-8-MtzqhxAvI	P050322_197-12-K-26, 07.08.2026_FHM.pdf
1lFpLYoo5EDOqmz51yzmtx56W2LiVR4lz	GRC102501_2_051-6-LoD-26, 02.03.2026_FHM.pdf
1lP8jiHczeVI9_bll6EKBCBU_0dq0eHw4	P060082_85-2026, 02.02.2026_IJZ.pdf
1lphAn-qMKU1MHIKX7NOZV7wEwXiIkfjG	P050172_ППК25281, 17.09.2025_CNP.pdf
1lty-Ui2rtXE2orXHperRAeKFJ_DjT7Mj	SJ112501_051-2-LoD-26, 02.03.2026_FHM.pdf
1lvbBcrpiBL-3dzmta5vHIhskdp3X-hM_	P050202_QCCoA 001v02, 04.12.2025_PP.pdf
1lwWHfPsXZPuNfwlBowOqE7Vzvj66l3BL	P050212_QCCoA 001v02, 21.01.2026_PP.pdf
1m1ndnsgDRoqUF7U7nEZ09T4UZDeZygtm	P050072_ППК26060, 11.05.2026_CNP.pdf
1mBuEZBxY593pUJhFyQvvQSQLD6Mf2nFO	P050012_ППК25140, 22.05.2025_CNP.pdf
1mQ7C5tCuiHFMXSg-hC0BJmP9EcCBjPna	P050202_ППК26036, 05.03.2026_CNP.pdf
1mxiBMvJxbqfoSPNsObcnZNtiUjhL1OTl	P050272_QCCoA 001v02, 21.01.2026_PP.pdf
1nDFU4rNhcZinF7J4YOjvH8ifB7HonJaC	P050062_ППК25154, 24.06.2025_CNP.pdf
1nYySsgw6fuEp4ndILw2B19vLzn8EVITc	P050292_QCCoA 001v02, 21.01.2026_PP.pdf
1nku9YNCHxzqbrGIdcfi6U94C5E-yE4rK	OPM112501_ППК26031, 05.03.2026_CNP.pdf
1nmMXM3VGss32NxFbKV7wByOGk-l5l6Is	P050052_QCCoA 001, 17.07.2025_PP.pdf
1ojK4opAnbApkA63FiBdiQveswDcOqpzl	GG112501_2358-2026, 29.04.2026_IJZ.pdf
1om4u0VdSIQLIbiDrGHX0J-h59v7Nq6hJ	P050192_10802_2845-2 MK, 17.11.2025_DFL.pdf
1opqc7QM0IAWntnv1Ix2rHkkzDWi_pbRO	P050212_4908-2025, 24.10.2025_IJZ.pdf
1p5qkX46ps87OVfZXxkD-aEHraPZ2kQbl	P050312_1226-2192-25, 05.12.2025_IJZ-MB.pdf
1pMxhkxCwHOaXKKvy3uEpHw12DlhlSwct	SCR112501_ППК26069, 11.05.2026_CNP.pdf
1q1a7DvNHBj2-Kut1fZ9rrbXz0z10TOEN	OPM1024_197-17-K-26, 07.08.2026_FHM.pdf
1q2Fm5POHptPtp8w3I7HwsyEEX_zjVh-e	P060092_ППК26009, 21.01.2026_CNP.pdf
1qHAr2t3JIfkw8BuuSLyck8rREO9wifh5	P050182_948-1686-25, 17.09.2025_IJZ-MB.pdf
1qOEhTUhcWRcy-_ET4Rw64LWm5FyjqtUD	P060062_QCCoA 001v02, 20.02.2026_PP.pdf
1qYgDK5tJot_IV_SOS4fa51RRdAH_X1Ro	P050252_5697-2025, 02.12.2025_IJZ.pdf
1qjsMlVBV07brrRTRM3NqN1Pv1c5YL4y2	P060082_9-0012-26, 20.01.2026_IJZ-MB.pdf
1qnyzWQb86gk2xd1gYFxx9bjm_F8-pZgM	P060072_ППК26007, 21.01.2026_CNP.pdf
1rGTrBpkAZT_yTGlkzJ2gG-DSNK3kh0uS	P050022_2471-2025, 30.05.2025_IJZ.pdf
1raTMTASaU-lnvuWsTvtbEITrEmpfDnwT	KC102501_051-4-LoD-26, 02.03.2026_FHM.pdf
1rcNjMyswdHR_ivYXSZ9FvmQbhbf7UzYI	P050052_197-14-M-26, 10.08.2026_FHM.pdf
1rti2mDadgz-4QIYPkGH_GYhwb1GaqQrO	J31102501_051-1-LoD-26, 02.03.2026_FHM.pdf
1s5lJdfI-6w-qy4GpmIO7uRKLBAp8u4zY	P050022_QCCoA 001, 17.07.2025_PP.pdf
1sFDrL4PrMl5dSfKO8VB78OoxrWEE713m	JD012601＊_ППК26064, 11.05.2026_CNP.pdf
1sQ6cnSihkjeNxv5NkLD5D-YmPFQXIAEe	P050202_ППК26058, 11.05.2026_CNP.pdf
1sRYTYqCX-MvlCHgjLgo7eUxqsnLKUXRt	P050042_QCCoA 001, 15.05.2025_PP.pdf
1sX1V0sWLnxh26HZdho2jgDMU1tEllzG9	BSS1024_ППК25051, 26.02.2025_CNP.pdf
1shuFFx6E28mkMGlyv4fK0Scx8AvnjmNh	SJ102501_051-3-LoD-26, 02.03.2026_FHM.pdf
1sm65ZoT68UiX_iHaOKy9MQwWE8JmrzhE	HPA1024_197-13-K-26, 07.08.2026_FHM.pdf
1soEoObIbCQ-2X9ZO4tggIWTBwNvAF1rV	P060032_4-0007-26, 20.01.2026_IJZ-MB.pdf
1soV5FyGJje4s7ifGKrN_QDjoWfCCGUBs	P060242_197-19-M-26, 10.08.2026_FHM.pdf
1spM-dER1j3AwfZR043kPmb1XbExmzpq1	P050012_QCCoA 001, 10.07.2025_PP.pdf
1sqUkt-JjrOPAohca75igyOus6wKFU2bl	BSS1024_QCCoA 001, 19.03.2025_PP.pdf
1t1eMqF-XNAKROhH3GUTwn_tqAQ3yCzdn	P050022_197-11-M-26, 10.08.2026_FHM.pdf
1tFZY3EkNcxa-sxhjr2yK2QlsSFiosrYq	BG1024_163-0271-25, 24.02.2025_IJZ-MB.pdf
1tOlcjXD926_yDO-KKRzU-q5p305tF7mI	P050172_QCCoA 001v02, 21.01.2026_PP.pdf
1tV4orKwuhvhK4_6f78X3dgV3tWPFskln	CJ1024_QCCoA 001, 19.03.2025_PP.pdf
1takouIpXNEy2b96jwqJIfQZolJeUOp8R	P050282_5700-2025, 02.12.2025_IJZ.pdf
1u5EDYx627t_q4DHRQeAzsxSh35eRfzdl	P060152_197-16-K-26, 07.08.2026_FHM.pdf
1uE2gjku-kRFh31OVp8NEqv1aZ4WEbap-	GG112501_304-0548-26, 28.04.2026_IJZ-MB.pdf
1uHJWeD6rKWGlxhj75_MpH84cqw66r816	P060032_197-5-K-26, 07.08.2026_FHM.pdf
1uOpTqIWaKNG5tW_wVbzXyAemiHT0urPM	P050152_197-10-K-26, 07.08.2026_FHM.pdf
1uVs0X1RHP_CTDjI0MWm7gqo6YFz8vkQs	FB112501_ППК26066, 11.05.2026_CNP.pdf
1ue8sC9BvF-MACmx-F2uPtV_xc_N_35Yu	P060022_QCCoA 001v02, 20.02.2026_PP.pdf
1uz816OXBnXt38tjHeW9R2cpyFbc4hbuY	GRC102501_2_051-6-K-26, 04.03.2026_FHM.pdf
1uzigVegMMDMLx323GJQBpYVQucxruwEF	P050022_ППК26032, 05.03.2026_CNP.pdf
1vfvWdkjxBgsCrADD04-KAF-HzHH0bjrC	P050072_3178-2025, 26.06.2025_IJZ.pdf
1w3OWUyQVRRcctqICg58fLun3ona8P-ql	P050202_1009-1813-25, 08.10.2025_IJZ-MB.pdf
1w6F-0U-rKPq-1q1hLNG3xD5xSo6r_GQx	P060092_QCCoA 001v02, 20.02.2026_PP.pdf
1w8ad7CcM_dJTwvZxb5KqzloNC9Rsk4nz	P050322_5889-2025, 12.12.2025_IJZ.pdf
1wBDBDGsB6mnnBjbL6-UqBnuJ11t4QSaa	BG1024_752-2025, 27.02.2025_IJZ.pdf
1weq05ijzmdClZ8hmwH77teT0PbqCwOcw	KC102501_051-4-K-26, 04.03.2026_FHM.pdf
1xQ2Xbfxcf-6aIOPNK32iwOjd-xGKBLaK	P060062_ППК26004, 21.01.2026_CNP.pdf
1xW_DfxbOWXmIZ3ZP2OwBOMDPPoaUbOeo	P060052_ППК26005, 21.01.2026_CNP.pdf
1xkMryK9WQn3bsrDy36BdP1BKIOQePelo	P050302_ППК25379, 12.12.2025_CNP.pdf
1xutvMMCxUeKkI3cn9sR2mS8U6QNocf3c	P060052_QCCoA 001v02, 20.02.2026_PP.pdf
1xzQsgxe1GNSTsliymOcZG9b_NDhKNj27	P050072_QCCoA 001, 17.07.2025_PP.pdf
1y2GZr-GLlC9WQetoe7k0am_i_oVivbvo	OPM122501_229-0392-26, 07.04.2026_IJZ-MB.pdf
1yFKpryOF75dev4pHj3zEv1smPLe0tseL	JD012603_02_ППК26113, 30.06.2026_CNP.pdf
1yZi1KRLNJQiJBE8fMpTznCyR1_-Dxrho	P050312_5888-2025, 12.12.2025_IJZ.pdf
1yhrm6qWqhLYna7ghRx0gwj6U1klUr70E	P050222_ППК25321, 23.10.2025_CNP.pdf
1ysbCR1KKOc6WVPxfMgFrXjHMnGXjachH	P050282_QCCoA 001v02, 21.01.2026_PP.pdf
1ytbktB9ztwGSgtHTKay_Wf63AUST-SSz	P060062_197-20-K-26, 07.08.2026_FHM.pdf
1zkDHFSJUXIT5gRFIPthRSFV4xpsamfdK	P060082_QCCoA 001v02, 20.02.2026_PP.pdf
